date,temp_mean,temp_min,temp_max,heating_degree_days,cooling_degree_days,has_holiday,holiday_name
2015-01-01,2.8,0.9,4.4,15.2,0.0,1,New Year's Day
2015-01-02,4.6,1.6,7.5,13.4,0.0,0,
2015-01-03,3.9,2.9,5.1,14.1,0.0,0,
2015-01-04,3.0,1.6,4.2,15.0,0.0,0,
2015-01-05,2.7,1.1,3.7,15.3,0.0,0,
2015-01-06,1.2,-0.5,3.0,16.8,0.0,0,
2015-01-07,2.1,-0.1,4.7,15.9,0.0,0,
2015-01-08,3.1,0.8,6.4,14.9,0.0,0,
2015-01-09,6.0,4.3,8.1,12.0,0.0,0,
2015-01-10,8.5,5.3,11.6,9.5,0.0,0,
2015-01-11,3.6,2.4,5.0,14.4,0.0,0,
2015-01-12,4.7,2.0,6.9,13.3,0.0,0,
2015-01-13,9.2,7.2,11.2,8.8,0.0,0,
2015-01-14,6.1,3.4,8.8,11.9,0.0,0,
2015-01-15,4.2,0.1,8.8,13.8,0.0,0,
2015-01-16,7.5,5.0,9.3,10.5,0.0,0,
2015-01-17,3.4,-1.3,5.3,14.6,0.0,0,
2015-01-18,-0.8,-2.9,3.0,18.8,0.0,0,
2015-01-19,-0.6,-3.6,2.9,18.6,0.0,0,
2015-01-20,0.7,-0.5,2.4,17.3,0.0,0,
2015-01-21,0.1,-1.3,1.4,17.9,0.0,0,
2015-01-22,-0.3,-1.3,0.9,18.3,0.0,0,
2015-01-23,0.1,-1.2,1.7,17.9,0.0,0,
2015-01-24,-0.7,-1.4,0.5,18.7,0.0,0,
2015-01-25,0.9,-1.5,3.4,17.1,0.0,0,
2015-01-26,1.7,0.2,4.3,16.3,0.0,0,
2015-01-27,2.8,1.2,4.5,15.2,0.0,0,
2015-01-28,2.3,-1.2,4.7,15.7,0.0,0,
2015-01-29,1.7,0.2,3.1,16.3,0.0,0,
2015-01-30,0.9,-0.9,2.9,17.1,0.0,0,
2015-01-31,-0.1,-1.0,1.0,18.1,0.0,0,
2015-02-01,0.6,-0.5,1.8,17.4,0.0,0,
2015-02-02,0.5,-1.0,2.8,17.5,0.0,0,
2015-02-03,-0.6,-2.7,1.1,18.6,0.0,0,
2015-02-04,-2.3,-4.8,0.2,20.3,0.0,0,
2015-02-05,-2.6,-6.6,-0.4,20.6,0.0,0,
2015-02-06,-2.4,-4.2,-0.9,20.4,0.0,0,
2015-02-07,-1.9,-8.2,2.9,19.9,0.0,0,
2015-02-08,0.7,-1.3,2.9,17.3,0.0,0,
2015-02-09,3.1,-1.2,5.4,14.9,0.0,0,
2015-02-10,4.1,3.4,5.3,13.9,0.0,0,
2015-02-11,3.3,2.5,4.4,14.7,0.0,0,
2015-02-12,1.7,-2.5,6.1,16.3,0.0,0,
2015-02-13,-0.2,-3.4,4.5,18.2,0.0,0,
2015-02-14,-0.4,-3.8,4.9,18.4,0.0,0,
2015-02-15,0.8,-3.2,6.7,17.2,0.0,0,
2015-02-16,1.0,-1.0,4.7,17.0,0.0,0,
2015-02-17,1.0,-2.1,5.8,17.0,0.0,0,
2015-02-18,2.1,0.5,5.8,15.9,0.0,0,
2015-02-19,1.8,-0.8,6.2,16.2,0.0,0,
2015-02-20,2.0,-2.4,8.1,16.0,0.0,0,
2015-02-21,4.9,1.0,10.0,13.1,0.0,0,
2015-02-22,2.0,-0.7,5.2,16.0,0.0,0,
2015-02-23,1.9,0.0,4.7,16.1,0.0,0,
2015-02-24,3.1,-0.6,8.3,14.9,0.0,0,
2015-02-25,2.3,-2.4,7.4,15.7,0.0,0,
2015-02-26,1.6,-2.9,7.6,16.4,0.0,0,
2015-02-27,2.3,-2.1,8.4,15.7,0.0,0,
2015-02-28,2.6,0.4,4.3,15.4,0.0,0,
2015-03-01,3.0,-0.2,6.8,15.0,0.0,0,
2015-03-02,4.5,2.3,7.1,13.5,0.0,0,
2015-03-03,4.2,1.9,7.4,13.8,0.0,0,
2015-03-04,3.5,1.1,6.6,14.5,0.0,0,
2015-03-05,3.4,1.1,6.2,14.6,0.0,0,
2015-03-06,3.7,-1.2,7.6,14.3,0.0,0,
2015-03-07,6.0,0.7,11.0,12.0,0.0,0,
2015-03-08,8.6,2.9,14.7,9.4,0.0,0,
2015-03-09,8.2,5.0,11.9,9.8,0.0,0,
2015-03-10,7.1,2.1,11.1,10.9,0.0,0,
2015-03-11,4.5,0.5,7.5,13.5,0.0,0,
2015-03-12,2.7,0.6,4.9,15.3,0.0,0,
2015-03-13,2.9,-0.3,5.9,15.1,0.0,0,
2015-03-14,4.5,2.6,6.8,13.5,0.0,0,
2015-03-15,6.0,3.8,8.4,12.0,0.0,0,
2015-03-16,8.7,4.6,13.2,9.3,0.0,0,
2015-03-17,10.3,5.8,15.6,7.699999999999999,0.0,0,
2015-03-18,7.4,3.6,11.2,10.6,0.0,0,
2015-03-19,5.3,0.2,11.0,12.7,0.0,0,
2015-03-20,5.3,1.3,11.0,12.7,0.0,0,
2015-03-21,2.7,-1.0,6.1,15.3,0.0,0,
2015-03-22,1.0,-2.5,4.6,17.0,0.0,0,
2015-03-23,3.1,-2.1,9.1,14.9,0.0,0,
2015-03-24,5.7,-1.1,12.6,12.3,0.0,0,
2015-03-25,8.8,2.1,15.2,9.2,0.0,0,
2015-03-26,8.5,6.3,9.9,9.5,0.0,0,
2015-03-27,6.9,4.6,10.3,11.1,0.0,0,
2015-03-28,6.6,4.5,9.4,11.4,0.0,0,
2015-03-29,8.8,5.8,11.9,9.2,0.0,0,
2015-03-30,6.6,4.5,9.4,11.4,0.0,0,
2015-03-31,5.5,1.3,10.1,12.5,0.0,0,
2015-04-01,4.5,2.7,7.7,13.5,0.0,0,
2015-04-02,3.5,0.8,7.4,14.5,0.0,0,
2015-04-03,4.2,0.3,8.7,13.8,0.0,1,Good Friday
2015-04-04,3.3,-2.5,8.8,14.7,0.0,0,
2015-04-05,3.4,-2.9,9.5,14.6,0.0,0,
2015-04-06,3.6,-0.8,8.3,14.4,0.0,1,Easter Monday
2015-04-07,5.3,-2.2,11.4,12.7,0.0,0,
2015-04-08,7.8,5.6,10.7,10.2,0.0,0,
2015-04-09,9.0,4.0,13.2,9.0,0.0,0,
2015-04-10,11.5,3.2,18.2,6.5,0.0,0,
2015-04-11,12.9,5.5,19.8,5.1,0.0,0,
2015-04-12,10.1,6.2,13.4,7.9,0.0,0,
2015-04-13,9.2,6.9,10.9,8.8,0.0,0,
2015-04-14,8.5,2.3,13.4,9.5,0.0,0,
2015-04-15,13.9,7.4,20.4,4.1,0.0,0,
2015-04-16,10.4,6.9,13.7,7.6,0.0,0,
2015-04-17,6.9,2.7,10.7,11.1,0.0,0,
2015-04-18,6.4,1.3,10.8,11.6,0.0,0,
2015-04-19,8.0,1.5,13.5,10.0,0.0,0,
2015-04-20,9.4,3.1,16.2,8.6,0.0,0,
2015-04-21,11.0,3.4,17.9,7.0,0.0,0,
2015-04-22,8.9,6.0,11.8,9.1,0.0,0,
2015-04-23,9.9,2.0,16.8,8.1,0.0,0,
2015-04-24,12.0,4.0,19.0,6.0,0.0,0,
2015-04-25,14.4,6.7,21.0,3.5999999999999996,0.0,0,
2015-04-26,13.6,8.6,17.4,4.4,0.0,0,
2015-04-27,10.7,7.3,15.2,7.300000000000001,0.0,0,
2015-04-28,7.5,4.5,9.9,10.5,0.0,0,
2015-04-29,8.5,2.5,13.4,9.5,0.0,0,
2015-04-30,11.3,7.0,16.3,6.699999999999999,0.0,0,
2015-05-01,9.9,6.4,13.6,8.1,0.0,1,Labor Day
2015-05-02,9.2,3.4,13.4,8.8,0.0,0,
2015-05-03,12.4,4.1,18.6,5.6,0.0,0,
2015-05-04,16.4,12.9,20.4,1.6000000000000014,0.0,0,
2015-05-05,18.2,13.3,23.5,0.0,0.0,0,
2015-05-06,15.8,10.5,19.0,2.1999999999999993,0.0,0,
2015-05-07,13.2,9.5,16.6,4.800000000000001,0.0,0,
2015-05-08,13.0,6.6,18.1,5.0,0.0,0,
2015-05-09,15.0,11.2,21.3,3.0,0.0,0,
2015-05-10,11.4,8.2,13.6,6.6,0.0,0,
2015-05-11,13.3,4.5,19.6,4.699999999999999,0.0,0,
2015-05-12,17.7,11.4,26.1,0.3000000000000007,0.0,0,
2015-05-13,13.0,8.5,16.6,5.0,0.0,0,
2015-05-14,10.6,7.2,13.2,7.4,0.0,1,Ascension Day
2015-05-15,11.1,6.8,15.3,6.9,0.0,0,
2015-05-16,10.7,4.8,14.4,7.300000000000001,0.0,0,
2015-05-17,11.3,7.5,14.6,6.699999999999999,0.0,0,
2015-05-18,12.7,6.3,19.3,5.300000000000001,0.0,0,
2015-05-19,14.4,10.2,18.1,3.5999999999999996,0.0,0,
2015-05-20,13.2,9.2,17.0,4.800000000000001,0.0,0,
2015-05-21,11.9,6.4,16.5,6.1,0.0,0,
2015-05-22,13.4,6.7,18.4,4.6,0.0,0,
2015-05-23,15.0,10.7,18.9,3.0,0.0,0,
2015-05-24,13.9,7.7,19.0,4.1,0.0,0,
2015-05-25,15.3,10.2,20.3,2.6999999999999993,0.0,1,Pentecost Monday
2015-05-26,13.2,10.3,15.8,4.800000000000001,0.0,0,
2015-05-27,11.7,8.1,14.4,6.300000000000001,0.0,0,
2015-05-28,13.8,7.7,19.3,4.199999999999999,0.0,0,
2015-05-29,14.0,8.8,18.4,4.0,0.0,0,
2015-05-30,13.8,11.0,16.9,4.199999999999999,0.0,0,
2015-05-31,14.2,7.1,20.6,3.8000000000000007,0.0,0,
2015-06-01,14.4,10.4,16.4,3.5999999999999996,0.0,0,
2015-06-02,16.4,8.2,23.1,1.6000000000000014,0.0,0,
2015-06-03,18.6,13.8,21.3,0.0,0.0,0,
2015-06-04,15.1,8.1,20.1,2.9000000000000004,0.0,0,
2015-06-05,19.5,11.3,27.0,0.0,0.0,0,
2015-06-06,22.5,16.6,28.3,0.0,0.5,0,
2015-06-07,18.7,15.4,22.2,0.0,0.0,0,
2015-06-08,16.2,12.2,19.8,1.8000000000000007,0.0,0,
2015-06-09,15.0,10.6,18.1,3.0,0.0,0,
2015-06-10,16.5,12.2,19.6,1.5,0.0,0,
2015-06-11,17.3,10.0,22.7,0.6999999999999993,0.0,0,
2015-06-12,19.7,12.7,25.7,0.0,0.0,0,
2015-06-13,22.0,13.7,30.1,0.0,0.0,0,
2015-06-14,18.9,15.8,21.4,0.0,0.0,0,
2015-06-15,15.3,12.4,18.6,2.6999999999999993,0.0,0,
2015-06-16,12.4,8.1,14.6,5.6,0.0,0,
2015-06-17,14.8,7.8,20.3,3.1999999999999993,0.0,0,
2015-06-18,16.1,13.0,20.7,1.8999999999999986,0.0,0,
2015-06-19,14.4,11.2,17.6,3.5999999999999996,0.0,0,
2015-06-20,13.8,10.6,17.4,4.199999999999999,0.0,0,
2015-06-21,14.1,9.7,18.0,3.9000000000000004,0.0,0,
2015-06-22,14.5,12.1,18.8,3.5,0.0,0,
2015-06-23,13.1,11.0,16.8,4.9,0.0,0,
2015-06-24,13.6,11.1,16.1,4.4,0.0,0,
2015-06-25,16.9,12.3,21.4,1.1000000000000014,0.0,0,
2015-06-26,17.5,12.7,21.8,0.5,0.0,0,
2015-06-27,18.6,15.0,22.9,0.0,0.0,0,
2015-06-28,17.4,14.0,21.6,0.6000000000000014,0.0,0,
2015-06-29,19.6,14.7,23.6,0.0,0.0,0,
2015-06-30,20.0,15.8,23.9,0.0,0.0,0,
2015-07-01,19.9,12.8,25.2,0.0,0.0,0,
2015-07-02,22.8,16.3,28.5,0.0,0.8000000000000007,0,
2015-07-03,25.8,18.3,32.5,0.0,3.8000000000000007,0,
2015-07-04,28.6,19.8,35.5,0.0,6.600000000000001,0,
2015-07-05,29.6,23.6,35.3,0.0,7.600000000000001,0,
2015-07-06,23.4,19.6,27.5,0.0,1.3999999999999986,0,
2015-07-07,24.0,15.7,31.5,0.0,2.0,0,
2015-07-08,20.2,17.9,22.1,0.0,0.0,0,
2015-07-09,16.1,12.9,18.3,1.8999999999999986,0.0,0,
2015-07-10,15.0,12.2,18.2,3.0,0.0,0,
2015-07-11,16.6,9.7,21.8,1.3999999999999986,0.0,0,
2015-07-12,18.2,12.7,24.9,0.0,0.0,0,
2015-07-13,16.8,15.0,19.8,1.1999999999999993,0.0,0,
2015-07-14,17.1,14.9,19.2,0.8999999999999986,0.0,0,
2015-07-15,18.3,14.9,21.4,0.0,0.0,0,
2015-07-16,20.3,15.1,24.9,0.0,0.0,0,
2015-07-17,23.1,16.3,30.1,0.0,1.1000000000000014,0,
2015-07-18,22.7,18.2,26.3,0.0,0.6999999999999993,0,
2015-07-19,18.7,16.0,22.0,0.0,0.0,0,
2015-07-20,19.3,15.5,23.7,0.0,0.0,0,
2015-07-21,22.1,17.3,26.8,0.0,0.10000000000000142,0,
2015-07-22,23.2,17.2,28.3,0.0,1.1999999999999993,0,
2015-07-23,20.4,16.4,23.0,0.0,0.0,0,
2015-07-24,19.4,13.7,24.4,0.0,0.0,0,
2015-07-25,21.8,17.0,27.3,0.0,0.0,0,
2015-07-26,16.5,13.9,19.7,1.5,0.0,0,
2015-07-27,16.6,13.6,20.7,1.3999999999999986,0.0,0,
2015-07-28,17.5,15.0,20.5,0.5,0.0,0,
2015-07-29,16.9,14.2,20.0,1.1000000000000014,0.0,0,
2015-07-30,16.1,13.5,19.2,1.8999999999999986,0.0,0,
2015-07-31,15.2,11.8,18.2,2.8000000000000007,0.0,0,
2015-08-01,17.7,9.3,24.2,0.3000000000000007,0.0,0,
2015-08-02,21.3,13.1,27.9,0.0,0.0,0,
2015-08-03,23.3,15.1,30.7,0.0,1.3000000000000007,0,
2015-08-04,26.3,18.3,33.2,0.0,4.300000000000001,0,
2015-08-05,22.2,18.9,25.9,0.0,0.1999999999999993,0,
2015-08-06,25.2,17.4,33.0,0.0,3.1999999999999993,0,
2015-08-07,28.5,19.5,36.1,0.0,6.5,0,
2015-08-08,26.5,20.9,32.6,0.0,4.5,0,
2015-08-09,22.6,18.0,27.7,0.0,0.6000000000000014,0,
2015-08-10,24.6,17.3,31.3,0.0,2.6000000000000014,0,
2015-08-11,27.0,22.6,32.9,0.0,5.0,0,
2015-08-12,23.6,19.3,28.8,0.0,1.6000000000000014,0,
2015-08-13,23.5,18.0,29.6,0.0,1.5,0,
2015-08-14,27.3,21.0,33.5,0.0,5.300000000000001,0,
2015-08-15,25.9,22.3,29.4,0.0,3.8999999999999986,0,
2015-08-16,23.5,19.1,29.1,0.0,1.5,0,
2015-08-17,23.1,20.0,26.7,0.0,1.1000000000000014,0,
2015-08-18,19.3,17.3,21.9,0.0,0.0,0,
2015-08-19,19.9,16.3,25.0,0.0,0.0,0,
2015-08-20,19.4,13.3,24.6,0.0,0.0,0,
2015-08-21,19.5,13.1,25.2,0.0,0.0,0,
2015-08-22,20.1,13.1,26.0,0.0,0.0,0,
2015-08-23,19.8,13.7,24.4,0.0,0.0,0,
2015-08-24,21.5,16.7,26.7,0.0,0.0,0,
2015-08-25,19.3,16.7,22.2,0.0,0.0,0,
2015-08-26,20.4,15.1,26.1,0.0,0.0,0,
2015-08-27,22.5,17.5,27.8,0.0,0.5,0,
2015-08-28,18.2,15.5,20.5,0.0,0.0,0,
2015-08-29,18.1,12.6,23.6,0.0,0.0,0,
2015-08-30,22.4,15.1,29.3,0.0,0.3999999999999986,0,
2015-08-31,26.0,18.2,33.5,0.0,4.0,0,
2015-09-01,23.0,15.9,27.6,0.0,1.0,0,
2015-09-02,17.1,14.0,20.9,0.8999999999999986,0.0,0,
2015-09-03,16.0,12.6,20.4,2.0,0.0,0,
2015-09-04,15.1,11.6,19.1,2.9000000000000004,0.0,0,
2015-09-05,14.3,12.2,18.5,3.6999999999999993,0.0,0,
2015-09-06,12.9,11.5,15.9,5.1,0.0,0,
2015-09-07,13.7,10.6,17.5,4.300000000000001,0.0,0,
2015-09-08,13.9,9.0,19.3,4.1,0.0,0,
2015-09-09,13.3,8.3,17.3,4.699999999999999,0.0,0,
2015-09-10,13.6,9.1,18.8,4.4,0.0,0,
2015-09-11,14.6,11.2,18.4,3.4000000000000004,0.0,0,
2015-09-12,16.2,10.6,21.8,1.8000000000000007,0.0,0,
2015-09-13,18.7,14.3,24.2,0.0,0.0,0,
2015-09-14,18.5,16.1,22.7,0.0,0.0,0,
2015-09-15,16.7,13.3,20.7,1.3000000000000007,0.0,0,
2015-09-16,17.2,10.6,24.3,0.8000000000000007,0.0,0,
2015-09-17,18.9,14.7,24.4,0.0,0.0,0,
2015-09-18,15.9,13.0,19.3,2.0999999999999996,0.0,0,
2015-09-19,14.9,10.7,20.0,3.0999999999999996,0.0,0,
2015-09-20,12.9,10.4,15.4,5.1,0.0,0,
2015-09-21,13.1,9.5,16.4,4.9,0.0,0,
2015-09-22,15.6,12.4,20.1,2.4000000000000004,0.0,0,
2015-09-23,13.6,11.4,16.3,4.4,0.0,0,
2015-09-24,13.4,8.0,18.4,4.6,0.0,0,
2015-09-25,14.1,11.0,17.7,3.9000000000000004,0.0,0,
2015-09-26,13.1,9.4,16.9,4.9,0.0,0,
2015-09-27,11.8,7.0,16.2,6.199999999999999,0.0,0,
2015-09-28,12.0,6.2,17.5,6.0,0.0,0,
2015-09-29,11.8,7.3,16.4,6.199999999999999,0.0,0,
2015-09-30,11.4,7.3,15.7,6.6,0.0,0,
2015-10-01,10.7,5.1,15.8,7.300000000000001,0.0,0,
2015-10-02,11.4,6.8,17.3,6.6,0.0,0,
2015-10-03,11.6,4.5,19.0,6.4,0.0,1,German Unity Day
2015-10-04,13.6,8.9,19.4,4.4,0.0,0,
2015-10-05,13.2,8.3,18.6,4.800000000000001,0.0,0,
2015-10-06,14.4,11.0,17.8,3.5999999999999996,0.0,0,
2015-10-07,13.8,10.6,15.5,4.199999999999999,0.0,0,
2015-10-08,8.7,7.7,10.2,9.3,0.0,0,
2015-10-09,8.6,6.6,11.5,9.4,0.0,0,
2015-10-10,6.7,3.8,10.3,11.3,0.0,0,
2015-10-11,5.3,2.3,8.9,12.7,0.0,0,
2015-10-12,4.2,0.9,8.1,13.8,0.0,0,
2015-10-13,4.3,2.5,6.1,13.7,0.0,0,
2015-10-14,5.3,3.8,6.6,12.7,0.0,0,
2015-10-15,6.8,6.4,7.5,11.2,0.0,0,
2015-10-16,7.4,6.8,8.0,10.6,0.0,0,
2015-10-17,8.3,7.4,9.8,9.7,0.0,0,
2015-10-18,8.3,6.9,10.1,9.7,0.0,0,
2015-10-19,7.7,7.0,8.6,10.3,0.0,0,
2015-10-20,9.0,8.2,10.4,9.0,0.0,0,
2015-10-21,8.9,6.4,11.3,9.1,0.0,0,
2015-10-22,8.8,6.2,10.9,9.2,0.0,0,
2015-10-23,11.3,9.9,13.4,6.699999999999999,0.0,0,
2015-10-24,9.9,6.8,13.9,8.1,0.0,0,
2015-10-25,9.7,6.8,12.9,8.3,0.0,0,
2015-10-26,6.8,3.2,10.7,11.2,0.0,0,
2015-10-27,8.2,4.2,13.2,9.8,0.0,0,
2015-10-28,8.2,5.4,11.7,9.8,0.0,0,
2015-10-29,7.7,4.5,10.5,10.3,0.0,0,
2015-10-30,8.7,7.5,10.4,9.3,0.0,0,
2015-10-31,10.0,7.1,14.3,8.0,0.0,0,
2015-11-01,9.1,5.5,14.3,8.9,0.0,0,
2015-11-02,6.3,2.2,11.2,11.7,0.0,0,
2015-11-03,4.0,-0.1,9.4,14.0,0.0,0,
2015-11-04,2.5,0.3,5.7,15.5,0.0,0,
2015-11-05,7.0,2.8,12.2,11.0,0.0,0,
2015-11-06,10.1,5.8,14.5,7.9,0.0,0,
2015-11-07,14.2,12.0,16.3,3.8000000000000007,0.0,0,
2015-11-08,12.9,7.5,15.9,5.1,0.0,0,
2015-11-09,12.8,8.5,15.4,5.199999999999999,0.0,0,
2015-11-10,13.7,12.2,15.1,4.300000000000001,0.0,0,
2015-11-11,13.2,11.7,13.8,4.800000000000001,0.0,0,
2015-11-12,11.7,7.9,14.3,6.300000000000001,0.0,0,
2015-11-13,10.7,7.2,13.7,7.300000000000001,0.0,0,
2015-11-14,7.7,6.5,9.4,10.3,0.0,0,
2015-11-15,9.6,6.9,12.6,8.4,0.0,0,
2015-11-16,10.7,8.5,12.3,7.300000000000001,0.0,0,
2015-11-17,11.4,10.3,12.9,6.6,0.0,0,
2015-11-18,11.4,10.5,13.3,6.6,0.0,0,
2015-11-19,11.3,9.7,12.4,6.699999999999999,0.0,0,
2015-11-20,7.7,5.8,9.2,10.3,0.0,0,
2015-11-21,4.3,1.8,5.7,13.7,0.0,0,
2015-11-22,1.5,-2.1,3.0,16.5,0.0,0,
2015-11-23,-0.5,-3.0,2.7,18.5,0.0,0,
2015-11-24,0.0,-2.5,3.1,18.0,0.0,0,
2015-11-25,2.6,1.4,3.6,15.4,0.0,0,
2015-11-26,3.9,1.6,5.4,14.1,0.0,0,
2015-11-27,1.5,-1.2,4.1,16.5,0.0,0,
2015-11-28,1.2,-0.8,4.1,16.8,0.0,0,
2015-11-29,4.9,1.0,8.8,13.1,0.0,0,
2015-11-30,5.9,3.1,8.9,12.1,0.0,0,
2015-12-01,5.7,3.9,7.7,12.3,0.0,0,
2015-12-02,8.6,4.2,10.6,9.4,0.0,0,
2015-12-03,7.3,4.4,9.8,10.7,0.0,0,
2015-12-04,6.6,4.3,9.1,11.4,0.0,0,
2015-12-05,6.1,4.5,7.8,11.9,0.0,0,
2015-12-06,8.0,6.2,10.2,10.0,0.0,0,
2015-12-07,10.3,9.1,11.2,7.699999999999999,0.0,0,
2015-12-08,7.8,6.5,9.3,10.2,0.0,0,
2015-12-09,6.8,4.8,9.0,11.2,0.0,0,
2015-12-10,3.4,1.4,5.6,14.6,0.0,0,
2015-12-11,4.1,2.2,6.1,13.9,0.0,0,
2015-12-12,5.2,3.7,6.5,12.8,0.0,0,
2015-12-13,5.6,1.6,9.2,12.4,0.0,0,
2015-12-14,0.7,-1.5,2.4,17.3,0.0,0,
2015-12-15,4.1,2.4,5.5,13.9,0.0,0,
2015-12-16,5.2,3.8,7.1,12.8,0.0,0,
2015-12-17,10.1,7.4,11.7,7.9,0.0,0,
2015-12-18,10.2,8.0,11.9,7.800000000000001,0.0,0,
2015-12-19,9.1,7.8,11.2,8.9,0.0,0,
2015-12-20,8.6,6.7,10.9,9.4,0.0,0,
2015-12-21,9.3,8.6,10.6,8.7,0.0,0,
2015-12-22,11.0,8.9,12.5,7.0,0.0,0,
2015-12-23,11.3,8.2,12.7,6.699999999999999,0.0,0,
2015-12-24,6.6,3.3,9.1,11.4,0.0,0,
2015-12-25,8.7,7.3,10.0,9.3,0.0,1,Christmas Day
2015-12-26,12.2,8.2,13.9,5.800000000000001,0.0,1,Second Day of Christmas
2015-12-27,10.0,8.4,12.0,8.0,0.0,0,
2015-12-28,7.8,4.5,12.1,10.2,0.0,0,
2015-12-29,4.7,2.8,6.1,13.3,0.0,0,
2015-12-30,1.1,-0.4,2.6,16.9,0.0,0,
2015-12-31,0.3,-1.1,2.0,17.7,0.0,0,
2016-01-01,1.8,-0.3,3.5,16.2,0.0,1,New Year's Day
2016-01-02,-2.4,-6.5,1.8,20.4,0.0,0,
2016-01-03,-8.0,-9.8,-6.5,26.0,0.0,0,
2016-01-04,-6.8,-9.1,-3.9,24.8,0.0,0,
2016-01-05,-6.6,-7.7,-5.3,24.6,0.0,0,
2016-01-06,-6.9,-8.2,-6.3,24.9,0.0,0,
2016-01-07,-5.4,-7.2,-3.1,23.4,0.0,0,
2016-01-08,2.1,-2.8,3.9,15.9,0.0,0,
2016-01-09,0.1,-3.0,3.6,17.9,0.0,0,
2016-01-10,0.3,-2.5,4.0,17.7,0.0,0,
2016-01-11,1.7,-0.8,4.0,16.3,0.0,0,
2016-01-12,1.8,0.4,3.5,16.2,0.0,0,
2016-01-13,1.1,-0.6,3.0,16.9,0.0,0,
2016-01-14,0.7,-0.7,2.6,17.3,0.0,0,
2016-01-15,-0.4,-1.2,1.5,18.4,0.0,0,
2016-01-16,-0.5,-1.5,0.6,18.5,0.0,0,
2016-01-17,-2.6,-5.4,-0.4,20.6,0.0,0,
2016-01-18,-4.9,-7.3,-3.1,22.9,0.0,0,
2016-01-19,-7.2,-12.8,-3.0,25.2,0.0,0,
2016-01-20,-3.1,-6.4,-0.2,21.1,0.0,0,
2016-01-21,-3.5,-5.9,-1.1,21.5,0.0,0,
2016-01-22,-7.0,-10.8,-2.2,25.0,0.0,0,
2016-01-23,-2.4,-10.5,3.4,20.4,0.0,0,
2016-01-24,2.6,0.9,4.0,15.4,0.0,0,
2016-01-25,6.8,2.9,8.8,11.2,0.0,0,
2016-01-26,6.9,4.1,9.3,11.1,0.0,0,
2016-01-27,8.4,7.0,9.8,9.6,0.0,0,
2016-01-28,7.2,2.3,9.5,10.8,0.0,0,
2016-01-29,4.2,0.3,8.2,13.8,0.0,0,
2016-01-30,7.4,5.3,8.6,10.6,0.0,0,
2016-01-31,3.6,2.1,5.7,14.4,0.0,0,
2016-02-01,6.3,3.5,10.2,11.7,0.0,0,
2016-02-02,9.1,6.1,10.3,8.9,0.0,0,
2016-02-03,5.1,3.2,6.7,12.9,0.0,0,
2016-02-04,2.3,1.2,3.2,15.7,0.0,0,
2016-02-05,2.7,-0.8,5.7,15.3,0.0,0,
2016-02-06,7.3,5.5,10.5,10.7,0.0,0,
2016-02-07,7.1,4.1,12.3,10.9,0.0,0,
2016-02-08,7.0,4.6,8.9,11.0,0.0,0,
2016-02-09,7.2,5.9,9.3,10.8,0.0,0,
2016-02-10,5.2,2.9,8.8,12.8,0.0,0,
2016-02-11,4.1,2.7,6.0,13.9,0.0,0,
2016-02-12,2.4,-0.9,5.3,15.6,0.0,0,
2016-02-13,0.9,-3.2,5.6,17.1,0.0,0,
2016-02-14,2.8,1.2,4.4,15.2,0.0,0,
2016-02-15,2.8,1.7,4.4,15.2,0.0,0,
2016-02-16,0.9,-0.9,2.7,17.1,0.0,0,
2016-02-17,0.0,-2.2,2.1,18.0,0.0,0,
2016-02-18,1.8,-1.3,5.7,16.2,0.0,0,
2016-02-19,1.7,-2.0,5.4,16.3,0.0,0,
2016-02-20,2.8,-0.5,5.4,15.2,0.0,0,
2016-02-21,7.7,5.5,10.5,10.3,0.0,0,
2016-02-22,7.2,3.2,10.7,10.8,0.0,0,
2016-02-23,4.5,2.9,7.0,13.5,0.0,0,
2016-02-24,2.7,-0.1,5.4,15.3,0.0,0,
2016-02-25,0.3,-3.4,4.8,17.7,0.0,0,
2016-02-26,1.1,-1.9,4.2,16.9,0.0,0,
2016-02-27,0.0,-4.2,4.5,18.0,0.0,0,
2016-02-28,2.0,-0.3,6.2,16.0,0.0,0,
2016-02-29,1.0,-1.5,3.9,17.0,0.0,0,
2016-03-01,1.0,-0.6,3.0,17.0,0.0,0,
2016-03-02,3.9,-0.5,9.3,14.1,0.0,0,
2016-03-03,2.6,-1.0,7.0,15.4,0.0,0,
2016-03-04,2.4,-2.2,7.8,15.6,0.0,0,
2016-03-05,4.7,1.9,8.4,13.3,0.0,0,
2016-03-06,2.6,0.4,4.4,15.4,0.0,0,
2016-03-07,1.9,-2.6,6.5,16.1,0.0,0,
2016-03-08,2.2,-2.3,7.0,15.8,0.0,0,
2016-03-09,2.2,-3.2,7.9,15.8,0.0,0,
2016-03-10,4.0,0.3,8.2,14.0,0.0,0,
2016-03-11,3.5,1.8,5.5,14.5,0.0,0,
2016-03-12,2.7,0.7,4.7,15.3,0.0,0,
2016-03-13,1.5,-0.5,3.4,16.5,0.0,0,
2016-03-14,2.4,-1.8,6.4,15.6,0.0,0,
2016-03-15,4.4,3.0,6.5,13.6,0.0,0,
2016-03-16,3.3,-1.0,8.3,14.7,0.0,0,
2016-03-17,3.4,-1.6,9.4,14.6,0.0,0,
2016-03-18,3.3,-0.4,7.0,14.7,0.0,0,
2016-03-19,5.4,2.5,8.7,12.6,0.0,0,
2016-03-20,5.3,3.8,7.7,12.7,0.0,0,
2016-03-21,5.4,3.0,8.1,12.6,0.0,0,
2016-03-22,5.8,3.8,8.5,12.2,0.0,0,
2016-03-23,4.4,1.7,7.2,13.6,0.0,0,
2016-03-24,4.0,0.4,7.6,14.0,0.0,0,
2016-03-25,6.0,3.0,8.7,12.0,0.0,1,Good Friday
2016-03-26,8.0,5.3,11.6,10.0,0.0,0,
2016-03-27,8.3,3.7,15.5,9.7,0.0,0,
2016-03-28,8.7,2.0,15.1,9.3,0.0,1,Easter Monday
2016-03-29,7.5,5.3,10.3,10.5,0.0,0,
2016-03-30,7.3,2.7,11.9,10.7,0.0,0,
2016-03-31,7.0,3.3,10.5,11.0,0.0,0,
2016-04-01,7.0,3.0,11.2,11.0,0.0,0,
2016-04-02,7.6,1.1,14.6,10.4,0.0,0,
2016-04-03,10.9,3.8,18.3,7.1,0.0,0,
2016-04-04,12.9,6.4,19.0,5.1,0.0,0,
2016-04-05,14.3,6.9,20.3,3.6999999999999993,0.0,0,
2016-04-06,11.9,8.9,14.6,6.1,0.0,0,
2016-04-07,10.3,6.2,11.9,7.699999999999999,0.0,0,
2016-04-08,7.9,2.0,13.2,10.1,0.0,0,
2016-04-09,8.8,3.5,12.9,9.2,0.0,0,
2016-04-10,7.7,5.6,9.9,10.3,0.0,0,
2016-04-11,9.0,5.1,14.1,9.0,0.0,0,
2016-04-12,10.5,7.8,14.2,7.5,0.0,0,
2016-04-13,11.4,5.7,16.7,6.6,0.0,0,
2016-04-14,9.3,6.4,11.9,8.7,0.0,0,
2016-04-15,8.6,2.6,13.8,9.4,0.0,0,
2016-04-16,10.5,7.0,14.4,7.5,0.0,0,
2016-04-17,9.2,6.5,11.5,8.8,0.0,0,
2016-04-18,7.3,1.1,11.5,10.7,0.0,0,
2016-04-19,9.3,6.4,12.9,8.7,0.0,0,
2016-04-20,8.1,5.3,11.4,9.9,0.0,0,
2016-04-21,7.7,1.0,13.6,10.3,0.0,0,
2016-04-22,8.0,3.9,12.4,10.0,0.0,0,
2016-04-23,7.1,4.4,10.5,10.9,0.0,0,
2016-04-24,4.7,1.8,8.3,13.3,0.0,0,
2016-04-25,4.5,-0.3,8.8,13.5,0.0,0,
2016-04-26,5.5,2.3,9.2,12.5,0.0,0,
2016-04-27,5.3,2.3,8.6,12.7,0.0,0,
2016-04-28,6.0,3.2,10.3,12.0,0.0,0,
2016-04-29,7.9,0.3,13.6,10.1,0.0,0,
2016-04-30,11.8,5.3,17.2,6.199999999999999,0.0,0,
2016-05-01,11.9,5.8,16.5,6.1,0.0,1,Labor Day
2016-05-02,11.9,4.8,17.7,6.1,0.0,0,
2016-05-03,12.6,7.9,17.5,5.4,0.0,0,
2016-05-04,10.2,7.3,13.5,7.800000000000001,0.0,0,
2016-05-05,12.0,5.7,18.1,6.0,0.0,1,Ascension Day
2016-05-06,15.1,6.8,21.5,2.9000000000000004,0.0,0,
2016-05-07,16.7,9.5,22.7,1.3000000000000007,0.0,0,
2016-05-08,16.9,9.9,22.2,1.1000000000000014,0.0,0,
2016-05-09,17.5,10.9,23.1,0.5,0.0,0,
2016-05-10,17.7,11.9,22.9,0.3000000000000007,0.0,0,
2016-05-11,18.0,10.7,23.3,0.0,0.0,0,
2016-05-12,18.1,13.7,23.0,0.0,0.0,0,
2016-05-13,16.3,11.9,21.1,1.6999999999999993,0.0,0,
2016-05-14,11.5,8.7,15.8,6.5,0.0,0,
2016-05-15,9.5,6.7,12.5,8.5,0.0,0,
2016-05-16,10.0,6.4,13.9,8.0,0.0,1,Pentecost Monday
2016-05-17,10.1,7.5,12.8,7.9,0.0,0,
2016-05-18,13.3,7.7,17.9,4.699999999999999,0.0,0,
2016-05-19,15.6,9.1,20.9,2.4000000000000004,0.0,0,
2016-05-20,16.2,9.4,21.7,1.8000000000000007,0.0,0,
2016-05-21,17.7,13.2,22.6,0.3000000000000007,0.0,0,
2016-05-22,20.7,13.3,27.3,0.0,0.0,0,
2016-05-23,20.5,15.9,25.0,0.0,0.0,0,
2016-05-24,18.3,15.1,22.9,0.0,0.0,0,
2016-05-25,15.6,13.4,18.5,2.4000000000000004,0.0,0,
2016-05-26,14.9,13.5,16.9,3.0999999999999996,0.0,0,
2016-05-27,16.1,11.9,20.1,1.8999999999999986,0.0,0,
2016-05-28,18.1,11.3,23.6,0.0,0.0,0,
2016-05-29,20.4,15.2,26.0,0.0,0.0,0,
2016-05-30,21.7,18.2,26.5,0.0,0.0,0,
2016-05-31,20.0,14.9,24.6,0.0,0.0,0,
2016-06-01,19.1,17.0,21.7,0.0,0.0,0,
2016-06-02,19.9,15.5,24.2,0.0,0.0,0,
2016-06-03,21.0,16.3,25.3,0.0,0.0,0,
2016-06-04,20.7,13.6,25.4,0.0,0.0,0,
2016-06-05,21.0,14.5,26.3,0.0,0.0,0,
2016-06-06,19.6,15.0,24.1,0.0,0.0,0,
2016-06-07,18.9,11.6,24.7,0.0,0.0,0,
2016-06-08,19.8,13.3,25.3,0.0,0.0,0,
2016-06-09,17.9,15.7,20.4,0.10000000000000142,0.0,0,
2016-06-10,16.8,12.7,21.0,1.1999999999999993,0.0,0,
2016-06-11,16.8,11.9,20.8,1.1999999999999993,0.0,0,
2016-06-12,16.9,13.0,21.1,1.1000000000000014,0.0,0,
2016-06-13,16.3,13.2,19.6,1.6999999999999993,0.0,0,
2016-06-14,16.7,12.6,20.2,1.3000000000000007,0.0,0,
2016-06-15,15.9,12.8,19.0,2.0999999999999996,0.0,0,
2016-06-16,17.1,11.6,22.3,0.8999999999999986,0.0,0,
2016-06-17,15.8,14.6,18.9,2.1999999999999993,0.0,0,
2016-06-18,16.8,13.2,20.3,1.1999999999999993,0.0,0,
2016-06-19,16.7,11.7,20.4,1.3000000000000007,0.0,0,
2016-06-20,17.3,11.4,21.9,0.6999999999999993,0.0,0,
2016-06-21,18.7,15.6,22.7,0.0,0.0,0,
2016-06-22,20.6,14.3,25.2,0.0,0.0,0,
2016-06-23,24.0,15.6,30.4,0.0,2.0,0,
2016-06-24,26.6,19.7,32.9,0.0,4.600000000000001,0,
2016-06-25,25.0,18.9,30.7,0.0,3.0,0,
2016-06-26,20.0,15.5,23.2,0.0,0.0,0,
2016-06-27,18.7,13.6,22.5,0.0,0.0,0,
2016-06-28,18.2,15.7,21.4,0.0,0.0,0,
2016-06-29,19.0,14.3,24.1,0.0,0.0,0,
2016-06-30,20.1,13.7,24.6,0.0,0.0,0,
2016-07-01,21.7,15.6,26.7,0.0,0.0,0,
2016-07-02,19.1,15.1,23.7,0.0,0.0,0,
2016-07-03,16.4,11.8,20.7,1.6000000000000014,0.0,0,
2016-07-04,17.1,11.4,21.5,0.8999999999999986,0.0,0,
2016-07-05,19.0,14.8,23.7,0.0,0.0,0,
2016-07-06,16.6,13.9,19.0,1.3999999999999986,0.0,0,
2016-07-07,16.4,12.0,20.9,1.6000000000000014,0.0,0,
2016-07-08,19.3,12.4,25.8,0.0,0.0,0,
2016-07-09,18.5,15.2,21.8,0.0,0.0,0,
2016-07-10,23.5,17.3,29.6,0.0,1.5,0,
2016-07-11,24.7,21.3,28.6,0.0,2.6999999999999993,0,
2016-07-12,21.6,17.1,25.6,0.0,0.0,0,
2016-07-13,18.8,15.5,21.4,0.0,0.0,0,
2016-07-14,16.5,14.9,18.4,1.5,0.0,0,
2016-07-15,16.3,14.4,18.6,1.6999999999999993,0.0,0,
2016-07-16,18.1,10.1,24.8,0.0,0.0,0,
2016-07-17,19.7,16.9,23.5,0.0,0.0,0,
2016-07-18,18.6,16.3,21.1,0.0,0.0,0,
2016-07-19,19.3,14.1,23.4,0.0,0.0,0,
2016-07-20,21.8,16.5,26.1,0.0,0.0,0,
2016-07-21,22.9,17.0,27.8,0.0,0.8999999999999986,0,
2016-07-22,23.1,17.2,28.4,0.0,1.1000000000000014,0,
2016-07-23,22.7,15.4,28.7,0.0,0.6999999999999993,0,
2016-07-24,23.3,18.0,28.0,0.0,1.3000000000000007,0,
2016-07-25,24.9,18.0,30.2,0.0,2.8999999999999986,0,
2016-07-26,24.3,20.4,27.9,0.0,2.3000000000000007,0,
2016-07-27,21.7,18.3,27.2,0.0,0.0,0,
2016-07-28,20.9,16.8,25.0,0.0,0.0,0,
2016-07-29,21.2,17.5,25.1,0.0,0.0,0,
2016-07-30,21.1,18.6,23.7,0.0,0.0,0,
2016-07-31,19.9,15.7,24.4,0.0,0.0,0,
2016-08-01,17.6,13.6,20.8,0.3999999999999986,0.0,0,
2016-08-02,16.3,12.7,19.3,1.6999999999999993,0.0,0,
2016-08-03,17.5,13.1,21.3,0.5,0.0,0,
2016-08-04,21.4,17.6,26.3,0.0,0.0,0,
2016-08-05,18.6,15.8,21.9,0.0,0.0,0,
2016-08-06,18.4,15.1,21.6,0.0,0.0,0,
2016-08-07,19.0,13.4,23.9,0.0,0.0,0,
2016-08-08,22.0,18.6,27.0,0.0,0.0,0,
2016-08-09,17.6,15.1,20.3,0.3999999999999986,0.0,0,
2016-08-10,14.8,11.3,18.1,3.1999999999999993,0.0,0,
2016-08-11,14.3,10.1,18.4,3.6999999999999993,0.0,0,
2016-08-12,16.0,13.3,19.1,2.0,0.0,0,
2016-08-13,21.2,16.7,26.9,0.0,0.0,0,
2016-08-14,19.1,16.8,21.6,0.0,0.0,0,
2016-08-15,17.5,13.8,21.0,0.5,0.0,0,
2016-08-16,16.2,11.4,21.0,1.8000000000000007,0.0,0,
2016-08-17,15.8,9.0,21.0,2.1999999999999993,0.0,0,
2016-08-18,17.2,13.1,21.0,0.8000000000000007,0.0,0,
2016-08-19,19.2,12.4,25.6,0.0,0.0,0,
2016-08-20,20.7,15.9,26.4,0.0,0.0,0,
2016-08-21,19.5,15.6,24.0,0.0,0.0,0,
2016-08-22,19.0,14.3,23.2,0.0,0.0,0,
2016-08-23,20.1,17.4,23.6,0.0,0.0,0,
2016-08-24,21.4,14.7,27.2,0.0,0.0,0,
2016-08-25,22.8,16.7,29.2,0.0,0.8000000000000007,0,
2016-08-26,25.0,17.9,32.7,0.0,3.0,0,
2016-08-27,24.0,16.7,30.3,0.0,2.0,0,
2016-08-28,26.3,17.8,34.7,0.0,4.300000000000001,0,
2016-08-29,21.6,18.5,24.2,0.0,0.0,0,
2016-08-30,18.3,13.3,22.7,0.0,0.0,0,
2016-08-31,19.5,13.0,25.8,0.0,0.0,0,
2016-09-01,20.4,13.9,26.3,0.0,0.0,0,
2016-09-02,20.5,15.4,25.6,0.0,0.0,0,
2016-09-03,20.9,16.6,25.9,0.0,0.0,0,
2016-09-04,19.2,16.7,22.8,0.0,0.0,0,
2016-09-05,17.4,14.5,21.2,0.6000000000000014,0.0,0,
2016-09-06,16.9,11.3,21.6,1.1000000000000014,0.0,0,
2016-09-07,18.8,11.6,25.6,0.0,0.0,0,
2016-09-08,21.9,14.7,29.2,0.0,0.0,0,
2016-09-09,21.5,16.6,26.8,0.0,0.0,0,
2016-09-10,20.9,14.8,27.1,0.0,0.0,0,
2016-09-11,23.0,16.9,28.8,0.0,1.0,0,
2016-09-12,24.1,17.1,31.0,0.0,2.1000000000000014,0,
2016-09-13,24.7,17.8,31.0,0.0,2.6999999999999993,0,
2016-09-14,23.7,19.2,28.8,0.0,1.6999999999999993,0,
2016-09-15,21.0,16.1,25.8,0.0,0.0,0,
2016-09-16,21.2,14.9,27.3,0.0,0.0,0,
2016-09-17,19.4,15.8,23.0,0.0,0.0,0,
2016-09-18,16.7,13.1,20.0,1.3000000000000007,0.0,0,
2016-09-19,16.1,13.6,18.9,1.8999999999999986,0.0,0,
2016-09-20,14.8,11.0,18.2,3.1999999999999993,0.0,0,
2016-09-21,15.7,12.5,18.7,2.3000000000000007,0.0,0,
2016-09-22,14.9,9.9,19.6,3.0999999999999996,0.0,0,
2016-09-23,16.2,11.2,21.6,1.8000000000000007,0.0,0,
2016-09-24,15.8,11.8,19.7,2.1999999999999993,0.0,0,
2016-09-25,16.2,10.3,21.9,1.8000000000000007,0.0,0,
2016-09-26,15.9,10.6,21.4,2.0999999999999996,0.0,0,
2016-09-27,15.4,9.0,21.2,2.5999999999999996,0.0,0,
2016-09-28,17.1,13.6,21.5,0.8999999999999986,0.0,0,
2016-09-29,20.1,16.4,24.8,0.0,0.0,0,
2016-09-30,18.2,14.2,20.6,0.0,0.0,0,
2016-10-01,13.3,9.8,15.4,4.699999999999999,0.0,0,
2016-10-02,14.5,11.4,18.2,3.5,0.0,0,
2016-10-03,12.6,9.3,16.4,5.4,0.0,1,German Unity Day
2016-10-04,12.7,10.4,15.4,5.300000000000001,0.0,0,
2016-10-05,9.8,7.9,12.8,8.2,0.0,0,
2016-10-06,10.9,9.7,12.3,7.1,0.0,0,
2016-10-07,11.0,9.5,13.1,7.0,0.0,0,
2016-10-08,9.6,7.9,12.4,8.4,0.0,0,
2016-10-09,8.9,7.1,10.7,9.1,0.0,0,
2016-10-10,7.8,4.1,11.7,10.2,0.0,0,
2016-10-11,7.6,6.5,9.4,10.4,0.0,0,
2016-10-12,7.6,6.9,9.0,10.4,0.0,0,
2016-10-13,7.3,6.9,7.7,10.7,0.0,0,
2016-10-14,8.6,4.7,12.6,9.4,0.0,0,
2016-10-15,9.8,8.2,12.1,8.2,0.0,0,
2016-10-16,9.5,8.5,10.8,8.5,0.0,0,
2016-10-17,9.5,7.0,12.9,8.5,0.0,0,
2016-10-18,10.8,8.5,13.9,7.199999999999999,0.0,0,
2016-10-19,9.3,7.8,10.5,8.7,0.0,0,
2016-10-20,8.3,6.3,10.1,9.7,0.0,0,
2016-10-21,6.8,4.3,9.4,11.2,0.0,0,
2016-10-22,6.5,3.1,9.7,11.5,0.0,0,
2016-10-23,5.5,1.9,9.7,12.5,0.0,0,
2016-10-24,7.5,4.1,11.2,10.5,0.0,0,
2016-10-25,8.7,6.8,10.0,9.3,0.0,0,
2016-10-26,6.1,3.6,7.6,11.9,0.0,0,
2016-10-27,8.9,6.4,11.1,9.1,0.0,0,
2016-10-28,11.0,9.2,12.7,7.0,0.0,0,
2016-10-29,9.8,8.2,11.9,8.2,0.0,0,
2016-10-30,8.6,4.0,11.1,9.4,0.0,0,
2016-10-31,6.8,2.4,10.0,11.2,0.0,0,
2016-11-01,10.3,8.7,12.1,7.699999999999999,0.0,0,
2016-11-02,6.5,3.9,8.7,11.5,0.0,0,
2016-11-03,3.6,1.0,6.5,14.4,0.0,0,
2016-11-04,5.5,2.6,8.5,12.5,0.0,0,
2016-11-05,6.0,3.4,8.9,12.0,0.0,0,
2016-11-06,5.4,2.9,7.5,12.6,0.0,0,
2016-11-07,3.4,0.6,6.2,14.6,0.0,0,
2016-11-08,2.4,-0.1,5.1,15.6,0.0,0,
2016-11-09,1.6,-0.4,3.9,16.4,0.0,0,
2016-11-10,1.2,-0.4,3.5,16.8,0.0,0,
2016-11-11,1.4,0.4,3.7,16.6,0.0,0,
2016-11-12,-0.8,-3.6,0.7,18.8,0.0,0,
2016-11-13,-2.8,-3.8,-0.7,20.8,0.0,0,
2016-11-14,-1.0,-3.8,3.3,19.0,0.0,0,
2016-11-15,2.2,-0.0,6.2,15.8,0.0,0,
2016-11-16,7.8,6.7,9.2,10.2,0.0,0,
2016-11-17,9.2,8.4,10.0,8.8,0.0,0,
2016-11-18,10.2,7.4,14.0,7.800000000000001,0.0,0,
2016-11-19,6.8,4.8,8.9,11.2,0.0,0,
2016-11-20,6.1,1.8,10.7,11.9,0.0,0,
2016-11-21,8.8,6.9,11.0,9.2,0.0,0,
2016-11-22,7.9,5.7,11.3,10.1,0.0,0,
2016-11-23,5.4,2.7,8.1,12.6,0.0,0,
2016-11-24,5.3,1.6,7.3,12.7,0.0,0,
2016-11-25,1.1,-1.1,2.7,16.9,0.0,0,
2016-11-26,0.9,-0.1,1.9,17.1,0.0,0,
2016-11-27,4.3,1.7,6.2,13.7,0.0,0,
2016-11-28,0.2,-3.5,2.6,17.8,0.0,0,
2016-11-29,-2.4,-4.2,1.1,20.4,0.0,0,
2016-11-30,0.7,-3.0,3.5,17.3,0.0,0,
2016-12-01,5.7,3.8,7.5,12.3,0.0,0,
2016-12-02,3.6,-0.4,7.5,14.4,0.0,0,
2016-12-03,-1.5,-3.6,1.9,19.5,0.0,0,
2016-12-04,-1.3,-3.2,2.3,19.3,0.0,0,
2016-12-05,-2.9,-4.0,-0.1,20.9,0.0,0,
2016-12-06,0.1,-2.8,2.1,17.9,0.0,0,
2016-12-07,0.7,-0.7,3.3,17.3,0.0,0,
2016-12-08,5.8,3.5,8.7,12.2,0.0,0,
2016-12-09,7.0,4.5,8.7,11.0,0.0,0,
2016-12-10,8.7,7.9,9.6,9.3,0.0,0,
2016-12-11,7.0,5.9,8.2,11.0,0.0,0,
2016-12-12,3.2,-2.5,6.1,14.8,0.0,0,
2016-12-13,1.3,-2.3,4.2,16.7,0.0,0,
2016-12-14,3.4,-0.9,4.9,14.6,0.0,0,
2016-12-15,0.5,-1.9,2.2,17.5,0.0,0,
2016-12-16,-0.2,-2.8,2.3,18.2,0.0,0,
2016-12-17,-1.1,-3.7,0.9,19.1,0.0,0,
2016-12-18,2.8,0.9,3.6,15.2,0.0,0,
2016-12-19,2.7,1.2,4.5,15.3,0.0,0,
2016-12-20,0.4,-0.8,1.7,17.6,0.0,0,
2016-12-21,-0.6,-2.3,2.2,18.6,0.0,0,
2016-12-22,0.3,-1.5,2.2,17.7,0.0,0,
2016-12-23,2.5,1.2,4.2,15.5,0.0,0,
2016-12-24,4.0,0.6,6.3,14.0,0.0,0,
2016-12-25,6.7,4.7,8.8,11.3,0.0,1,Christmas Day
2016-12-26,8.0,4.9,9.8,10.0,0.0,1,Second Day of Christmas
2016-12-27,5.7,4.6,7.3,12.3,0.0,0,
2016-12-28,5.9,5.4,6.3,12.1,0.0,0,
2016-12-29,4.1,0.0,5.3,13.9,0.0,0,
2016-12-30,-0.8,-2.9,3.0,18.8,0.0,0,
2016-12-31,-0.3,-2.4,2.5,18.3,0.0,0,
2017-01-01,1.8,0.8,3.2,16.2,0.0,1,New Year's Day
2017-01-02,0.6,-2.3,3.0,17.4,0.0,0,
2017-01-03,1.6,-2.2,3.3,16.4,0.0,0,
2017-01-04,2.3,-1.5,4.2,15.7,0.0,0,
2017-01-05,-3.2,-6.7,-1.4,21.2,0.0,0,
2017-01-06,-6.6,-9.0,-3.4,24.6,0.0,0,
2017-01-07,-6.0,-9.0,-2.9,24.0,0.0,0,
2017-01-08,-2.9,-5.0,-1.4,20.9,0.0,0,
2017-01-09,-2.0,-5.1,-0.1,20.0,0.0,0,
2017-01-10,-1.9,-5.5,0.6,19.9,0.0,0,
2017-01-11,-2.9,-6.6,3.0,20.9,0.0,0,
2017-01-12,2.0,0.3,3.5,16.0,0.0,0,
2017-01-13,1.0,-0.8,2.6,17.0,0.0,0,
2017-01-14,-1.1,-3.2,1.6,19.1,0.0,0,
2017-01-15,-0.6,-1.9,1.2,18.6,0.0,0,
2017-01-16,-4.0,-10.1,-0.8,22.0,0.0,0,
2017-01-17,-6.3,-10.7,-1.0,24.3,0.0,0,
2017-01-18,-4.6,-7.3,-2.7,22.6,0.0,0,
2017-01-19,-3.0,-4.0,-2.0,21.0,0.0,0,
2017-01-20,-0.3,-2.0,1.5,18.3,0.0,0,
2017-01-21,0.3,-0.8,2.0,17.7,0.0,0,
2017-01-22,-1.3,-3.5,2.1,19.3,0.0,0,
2017-01-23,-4.3,-7.0,-2.3,22.3,0.0,0,
2017-01-24,-1.3,-2.6,1.0,19.3,0.0,0,
2017-01-25,-0.2,-1.6,1.6,18.2,0.0,0,
2017-01-26,0.0,-2.4,2.5,18.0,0.0,0,
2017-01-27,-1.7,-4.6,3.0,19.7,0.0,0,
2017-01-28,-3.5,-5.2,0.2,21.5,0.0,0,
2017-01-29,0.3,-3.7,6.4,17.7,0.0,0,
2017-01-30,0.1,-1.9,2.8,17.9,0.0,0,
2017-01-31,-0.1,-3.7,0.8,18.1,0.0,0,
2017-02-01,-1.5,-5.0,0.6,19.5,0.0,0,
2017-02-02,-2.0,-5.1,1.1,20.0,0.0,0,
2017-02-03,0.8,-2.4,3.6,17.2,0.0,0,
2017-02-04,2.4,-1.2,7.7,15.6,0.0,0,
2017-02-05,1.5,-0.4,3.3,16.5,0.0,0,
2017-02-06,-1.3,-2.7,1.1,19.3,0.0,0,
2017-02-07,-1.6,-2.7,-0.5,19.6,0.0,0,
2017-02-08,-3.8,-6.1,-2.5,21.8,0.0,0,
2017-02-09,-4.4,-5.7,-1.7,22.4,0.0,0,
2017-02-10,-2.9,-5.9,1.0,20.9,0.0,0,
2017-02-11,-2.1,-3.2,0.1,20.1,0.0,0,
2017-02-12,-2.1,-4.6,0.9,20.1,0.0,0,
2017-02-13,-3.7,-6.4,1.6,21.7,0.0,0,
2017-02-14,-2.5,-6.1,4.0,20.5,0.0,0,
2017-02-15,0.5,-4.7,9.4,17.5,0.0,0,
2017-02-16,2.9,-2.1,10.9,15.1,0.0,0,
2017-02-17,3.9,2.1,6.6,14.1,0.0,0,
2017-02-18,3.5,1.7,4.5,14.5,0.0,0,
2017-02-19,3.2,0.1,7.0,14.8,0.0,0,
2017-02-20,6.2,4.3,8.5,11.8,0.0,0,
2017-02-21,7.5,3.9,9.5,10.5,0.0,0,
2017-02-22,7.0,3.0,10.4,11.0,0.0,0,
2017-02-23,6.3,4.1,8.3,11.7,0.0,0,
2017-02-24,3.7,0.4,7.0,14.3,0.0,0,
2017-02-25,2.6,-0.9,6.0,15.4,0.0,0,
2017-02-26,7.0,5.1,9.3,11.0,0.0,0,
2017-02-27,8.2,4.1,12.1,9.8,0.0,0,
2017-02-28,8.0,5.8,10.6,10.0,0.0,0,
2017-03-01,4.4,1.0,7.2,13.6,0.0,0,
2017-03-02,4.5,1.0,7.2,13.5,0.0,0,
2017-03-03,5.7,1.2,10.5,12.3,0.0,0,
2017-03-04,7.7,2.6,15.0,10.3,0.0,0,
2017-03-05,7.9,4.8,11.3,10.1,0.0,0,
2017-03-06,4.9,1.1,9.2,13.1,0.0,0,
2017-03-07,3.1,1.9,4.4,14.9,0.0,0,
2017-03-08,5.3,1.4,9.5,12.7,0.0,0,
2017-03-09,6.4,4.8,9.9,11.6,0.0,0,
2017-03-10,6.0,3.3,8.8,12.0,0.0,0,
2017-03-11,4.5,1.2,8.2,13.5,0.0,0,
2017-03-12,2.1,-1.0,5.4,15.9,0.0,0,
2017-03-13,3.3,-1.1,8.5,14.7,0.0,0,
2017-03-14,5.4,0.7,10.4,12.6,0.0,0,
2017-03-15,9.3,5.7,11.9,8.7,0.0,0,
2017-03-16,6.8,3.1,12.1,11.2,0.0,0,
2017-03-17,6.7,4.4,9.9,11.3,0.0,0,
2017-03-18,5.8,2.6,11.0,12.2,0.0,0,
2017-03-19,3.6,-0.8,9.9,14.4,0.0,0,
2017-03-20,10.1,9.3,11.6,7.9,0.0,0,
2017-03-21,9.7,6.2,12.8,8.3,0.0,0,
2017-03-22,6.0,1.0,10.0,12.0,0.0,0,
2017-03-23,6.1,4.9,7.7,11.9,0.0,0,
2017-03-24,6.1,0.9,12.3,11.9,0.0,0,
2017-03-25,5.5,0.3,11.3,12.5,0.0,0,
2017-03-26,6.1,-0.3,12.0,11.9,0.0,0,
2017-03-27,7.9,0.3,15.2,10.1,0.0,0,
2017-03-28,9.9,2.6,18.7,8.1,0.0,0,
2017-03-29,10.4,6.4,14.8,7.6,0.0,0,
2017-03-30,12.1,9.3,16.3,5.9,0.0,0,
2017-03-31,14.4,8.3,20.9,3.5999999999999996,0.0,0,
2017-04-01,13.7,6.8,21.0,4.300000000000001,0.0,0,
2017-04-02,11.6,7.7,16.9,6.4,0.0,0,
2017-04-03,8.8,6.4,11.2,9.2,0.0,0,
2017-04-04,9.0,5.2,12.5,9.0,0.0,0,
2017-04-05,9.6,6.4,13.8,8.4,0.0,0,
2017-04-06,8.2,4.3,12.0,9.8,0.0,0,
2017-04-07,8.7,6.8,11.2,9.3,0.0,0,
2017-04-08,9.9,6.8,13.1,8.1,0.0,0,
2017-04-09,11.1,6.7,16.6,6.9,0.0,0,
2017-04-10,11.0,6.3,18.2,7.0,0.0,0,
2017-04-11,7.5,5.0,9.9,10.5,0.0,0,
2017-04-12,8.8,7.0,12.2,9.2,0.0,0,
2017-04-13,8.5,5.3,11.8,9.5,0.0,0,
2017-04-14,8.2,4.1,12.2,9.8,0.0,1,Good Friday
2017-04-15,8.2,5.6,10.5,9.8,0.0,0,
2017-04-16,5.5,2.7,8.5,12.5,0.0,0,
2017-04-17,4.9,2.2,8.9,13.1,0.0,1,Easter Monday
2017-04-18,3.9,1.2,8.5,14.1,0.0,0,
2017-04-19,2.7,-1.5,6.1,15.3,0.0,0,
2017-04-20,3.1,-2.4,8.2,14.9,0.0,0,
2017-04-21,8.3,2.7,13.5,9.7,0.0,0,
2017-04-22,7.4,4.9,10.5,10.6,0.0,0,
2017-04-23,5.8,2.6,9.2,12.2,0.0,0,
2017-04-24,7.4,1.3,12.4,10.6,0.0,0,
2017-04-25,7.4,3.4,10.5,10.6,0.0,0,
2017-04-26,6.4,0.9,10.6,11.6,0.0,0,
2017-04-27,6.5,-0.7,11.0,11.5,0.0,0,
2017-04-28,7.2,1.3,11.5,10.8,0.0,0,
2017-04-29,6.6,2.1,10.5,11.4,0.0,0,
2017-04-30,6.9,0.9,13.4,11.1,0.0,0,
2017-05-01,10.2,4.7,15.4,7.800000000000001,0.0,1,Labor Day
2017-05-02,9.4,8.2,10.8,8.6,0.0,0,
2017-05-03,10.9,6.7,14.9,7.1,0.0,0,
2017-05-04,9.3,8.1,10.8,8.7,0.0,0,
2017-05-05,10.4,8.5,12.8,7.6,0.0,0,
2017-05-06,12.1,8.5,16.0,5.9,0.0,0,
2017-05-07,11.7,7.7,16.4,6.300000000000001,0.0,0,
2017-05-08,7.4,3.6,10.1,10.6,0.0,0,
2017-05-09,4.9,0.0,9.4,13.1,0.0,0,
2017-05-10,7.3,3.3,11.5,10.7,0.0,0,
2017-05-11,10.4,2.6,17.3,7.6,0.0,0,
2017-05-12,14.6,7.5,21.5,3.4000000000000004,0.0,0,
2017-05-13,14.2,10.8,17.7,3.8000000000000007,0.0,0,
2017-05-14,14.5,9.9,20.5,3.5,0.0,0,
2017-05-15,14.5,10.0,19.1,3.5,0.0,0,
2017-05-16,13.8,8.7,17.3,4.199999999999999,0.0,0,
2017-05-17,18.5,13.7,24.1,0.0,0.0,0,
2017-05-18,19.8,14.0,25.8,0.0,0.0,0,
2017-05-19,20.8,14.5,27.6,0.0,0.0,0,
2017-05-20,15.4,11.3,17.9,2.5999999999999996,0.0,0,
2017-05-21,15.2,10.2,20.1,2.8000000000000007,0.0,0,
2017-05-22,15.3,8.4,20.4,2.6999999999999993,0.0,0,
2017-05-23,17.4,11.3,23.4,0.6000000000000014,0.0,0,
2017-05-24,13.3,10.4,16.0,4.699999999999999,0.0,0,
2017-05-25,13.6,9.5,17.4,4.4,0.0,1,Ascension Day
2017-05-26,16.7,9.9,22.4,1.3000000000000007,0.0,0,
2017-05-27,18.7,11.4,25.1,0.0,0.0,0,
2017-05-28,22.1,13.9,30.1,0.0,0.10000000000000142,0,
2017-05-29,22.8,16.1,28.4,0.0,0.8000000000000007,0,
2017-05-30,22.2,17.4,28.3,0.0,0.1999999999999993,0,
2017-05-31,18.9,14.2,22.8,0.0,0.0,0,
2017-06-01,15.4,9.2,21.2,2.5999999999999996,0.0,0,
2017-06-02,17.4,8.6,24.2,0.6000000000000014,0.0,0,
2017-06-03,17.5,11.9,24.3,0.5,0.0,0,
2017-06-04,16.1,12.7,17.2,1.8999999999999986,0.0,0,
2017-06-05,16.0,11.1,20.5,2.0,0.0,1,Pentecost Monday
2017-06-06,18.2,13.1,24.4,0.0,0.0,0,
2017-06-07,15.2,11.9,18.2,2.8000000000000007,0.0,0,
2017-06-08,15.9,11.8,19.4,2.0999999999999996,0.0,0,
2017-06-09,19.9,13.7,27.8,0.0,0.0,0,
2017-06-10,17.5,13.4,21.5,0.5,0.0,0,
2017-06-11,21.5,14.6,27.4,0.0,0.0,0,
2017-06-12,19.7,16.4,22.2,0.0,0.0,0,
2017-06-13,16.6,14.2,19.2,1.3999999999999986,0.0,0,
2017-06-14,16.4,11.2,20.6,1.6000000000000014,0.0,0,
2017-06-15,19.4,10.9,26.1,0.0,0.0,0,
2017-06-16,17.5,15.2,20.4,0.5,0.0,0,
2017-06-17,16.6,12.9,21.8,1.3999999999999986,0.0,0,
2017-06-18,18.6,11.6,24.8,0.0,0.0,0,
2017-06-19,22.8,15.8,29.5,0.0,0.8000000000000007,0,
2017-06-20,22.5,16.6,27.9,0.0,0.5,0,
2017-06-21,18.0,12.2,22.9,0.0,0.0,0,
2017-06-22,20.6,14.0,27.0,0.0,0.0,0,
2017-06-23,19.7,17.0,22.6,0.0,0.0,0,
2017-06-24,18.6,16.7,21.0,0.0,0.0,0,
2017-06-25,17.9,16.0,19.6,0.10000000000000142,0.0,0,
2017-06-26,16.9,13.9,19.9,1.1000000000000014,0.0,0,
2017-06-27,16.3,9.7,21.2,1.6999999999999993,0.0,0,
2017-06-28,19.6,13.4,25.4,0.0,0.0,0,
2017-06-29,18.0,16.4,19.7,0.0,0.0,0,
2017-06-30,16.1,15.0,18.1,1.8999999999999986,0.0,0,
2017-07-01,16.0,14.3,18.8,2.0,0.0,0,
2017-07-02,16.0,14.2,18.3,2.0,0.0,0,
2017-07-03,16.1,10.7,20.5,1.8999999999999986,0.0,0,
2017-07-04,16.2,13.0,19.2,1.8000000000000007,0.0,0,
2017-07-05,15.1,11.3,19.0,2.9000000000000004,0.0,0,
2017-07-06,17.8,11.9,22.7,0.1999999999999993,0.0,0,
2017-07-07,19.9,16.4,25.5,0.0,0.0,0,
2017-07-08,19.9,16.9,23.2,0.0,0.0,0,
2017-07-09,18.4,14.2,22.5,0.0,0.0,0,
2017-07-10,19.1,15.7,21.8,0.0,0.0,0,
2017-07-11,18.8,15.5,22.7,0.0,0.0,0,
2017-07-12,16.9,14.7,19.6,1.1000000000000014,0.0,0,
2017-07-13,15.0,11.3,18.6,3.0,0.0,0,
2017-07-14,15.7,10.9,19.6,2.3000000000000007,0.0,0,
2017-07-15,16.5,11.7,20.4,1.5,0.0,0,
2017-07-16,17.0,11.8,21.1,1.0,0.0,0,
2017-07-17,18.0,14.6,22.1,0.0,0.0,0,
2017-07-18,17.6,11.3,22.6,0.3999999999999986,0.0,0,
2017-07-19,20.4,14.1,26.6,0.0,0.0,0,
2017-07-20,21.9,17.8,27.3,0.0,0.0,0,
2017-07-21,21.3,18.0,24.6,0.0,0.0,0,
2017-07-22,20.8,17.8,24.9,0.0,0.0,0,
2017-07-23,19.7,16.6,23.1,0.0,0.0,0,
2017-07-24,18.7,13.4,23.6,0.0,0.0,0,
2017-07-25,16.2,15.2,17.1,1.8000000000000007,0.0,0,
2017-07-26,16.0,14.7,17.0,2.0,0.0,0,
2017-07-27,18.0,14.0,22.5,0.0,0.0,0,
2017-07-28,18.1,15.0,21.4,0.0,0.0,0,
2017-07-29,19.1,14.6,24.3,0.0,0.0,0,
2017-07-30,23.1,17.1,29.8,0.0,1.1000000000000014,0,
2017-07-31,22.3,17.5,26.7,0.0,0.3000000000000007,0,
2017-08-01,23.5,18.3,28.9,0.0,1.5,0,
2017-08-02,21.1,18.3,24.1,0.0,0.0,0,
2017-08-03,22.3,19.5,26.8,0.0,0.3000000000000007,0,
2017-08-04,20.6,17.6,24.3,0.0,0.0,0,
2017-08-05,18.2,15.9,22.3,0.0,0.0,0,
2017-08-06,17.1,13.8,20.7,0.8999999999999986,0.0,0,
2017-08-07,17.6,10.4,22.9,0.3999999999999986,0.0,0,
2017-08-08,20.1,14.2,26.4,0.0,0.0,0,
2017-08-09,21.3,17.8,25.6,0.0,0.0,0,
2017-08-10,19.5,16.5,24.8,0.0,0.0,0,
2017-08-11,18.1,15.2,21.0,0.0,0.0,0,
2017-08-12,15.4,13.8,17.9,2.5999999999999996,0.0,0,
2017-08-13,17.3,14.3,20.6,0.6999999999999993,0.0,0,
2017-08-14,18.1,13.2,22.5,0.0,0.0,0,
2017-08-15,20.8,15.2,26.3,0.0,0.0,0,
2017-08-16,19.2,17.6,20.8,0.0,0.0,0,
2017-08-17,20.5,15.7,25.3,0.0,0.0,0,
2017-08-18,21.0,16.0,25.4,0.0,0.0,0,
2017-08-19,17.5,15.1,20.8,0.5,0.0,0,
2017-08-20,15.9,11.8,19.1,2.0999999999999996,0.0,0,
2017-08-21,15.5,12.3,19.0,2.5,0.0,0,
2017-08-22,14.4,11.2,17.6,3.5999999999999996,0.0,0,
2017-08-23,15.4,9.5,20.2,2.5999999999999996,0.0,0,
2017-08-24,16.7,9.6,22.1,1.3000000000000007,0.0,0,
2017-08-25,18.3,14.5,21.9,0.0,0.0,0,
2017-08-26,18.1,12.6,23.3,0.0,0.0,0,
2017-08-27,18.7,15.5,22.0,0.0,0.0,0,
2017-08-28,17.2,12.0,21.9,0.8000000000000007,0.0,0,
2017-08-29,19.0,12.7,25.5,0.0,0.0,0,
2017-08-30,22.0,14.9,29.3,0.0,0.0,0,
2017-08-31,21.6,16.7,25.3,0.0,0.0,0,
2017-09-01,15.4,13.1,17.7,2.5999999999999996,0.0,0,
2017-09-02,14.7,11.0,19.4,3.3000000000000007,0.0,0,
2017-09-03,14.1,10.2,18.7,3.9000000000000004,0.0,0,
2017-09-04,14.6,9.3,19.9,3.4000000000000004,0.0,0,
2017-09-05,15.7,9.7,21.9,2.3000000000000007,0.0,0,
2017-09-06,16.2,13.7,20.2,1.8000000000000007,0.0,0,
2017-09-07,14.8,11.8,17.2,3.1999999999999993,0.0,0,
2017-09-08,14.6,12.0,17.2,3.4000000000000004,0.0,0,
2017-09-09,16.2,14.2,18.5,1.8000000000000007,0.0,0,
2017-09-10,15.7,12.6,19.2,2.3000000000000007,0.0,0,
2017-09-11,15.2,12.1,20.0,2.8000000000000007,0.0,0,
2017-09-12,14.5,11.6,17.7,3.5,0.0,0,
2017-09-13,13.7,10.0,18.0,4.300000000000001,0.0,0,
2017-09-14,13.2,11.7,14.9,4.800000000000001,0.0,0,
2017-09-15,13.2,10.8,16.3,4.800000000000001,0.0,0,
2017-09-16,12.0,7.1,16.6,6.0,0.0,0,
2017-09-17,11.7,5.8,17.5,6.300000000000001,0.0,0,
2017-09-18,11.7,8.0,16.3,6.300000000000001,0.0,0,
2017-09-19,11.5,6.6,16.5,6.5,0.0,0,
2017-09-20,12.2,8.3,16.3,5.800000000000001,0.0,0,
2017-09-21,12.4,8.8,16.9,5.6,0.0,0,
2017-09-22,12.7,7.9,17.2,5.300000000000001,0.0,0,
2017-09-23,12.3,6.9,16.7,5.699999999999999,0.0,0,
2017-09-24,14.3,12.6,16.9,3.6999999999999993,0.0,0,
2017-09-25,13.8,12.2,16.1,4.199999999999999,0.0,0,
2017-09-26,14.3,11.7,18.0,3.6999999999999993,0.0,0,
2017-09-27,15.1,11.9,18.7,2.9000000000000004,0.0,0,
2017-09-28,15.5,12.3,19.0,2.5,0.0,0,
2017-09-29,15.8,12.5,19.9,2.1999999999999993,0.0,0,
2017-09-30,14.4,10.3,19.6,3.5999999999999996,0.0,0,
2017-10-01,12.8,11.5,13.9,5.199999999999999,0.0,0,
2017-10-02,12.9,10.4,16.0,5.1,0.0,0,
2017-10-03,13.3,11.7,15.5,4.699999999999999,0.0,1,German Unity Day
2017-10-04,12.0,10.1,14.0,6.0,0.0,0,
2017-10-05,11.1,7.9,14.4,6.9,0.0,0,
2017-10-06,10.2,8.9,12.5,7.800000000000001,0.0,0,
2017-10-07,10.0,8.6,11.9,8.0,0.0,0,
2017-10-08,10.8,7.2,13.2,7.199999999999999,0.0,0,
2017-10-09,8.5,4.8,12.9,9.5,0.0,0,
2017-10-10,11.2,8.7,13.6,6.800000000000001,0.0,0,
2017-10-11,13.8,12.9,15.6,4.199999999999999,0.0,0,
2017-10-12,14.0,11.8,16.2,4.0,0.0,0,
2017-10-13,12.3,9.5,15.4,5.699999999999999,0.0,0,
2017-10-14,15.3,11.6,18.8,2.6999999999999993,0.0,0,
2017-10-15,15.5,11.7,20.7,2.5,0.0,0,
2017-10-16,15.6,11.0,21.3,2.4000000000000004,0.0,0,
2017-10-17,16.0,13.3,20.9,2.0,0.0,0,
2017-10-18,13.2,10.0,17.7,4.800000000000001,0.0,0,
2017-10-19,12.0,8.2,15.4,6.0,0.0,0,
2017-10-20,13.5,10.2,18.2,4.5,0.0,0,
2017-10-21,11.6,9.9,13.4,6.4,0.0,0,
2017-10-22,11.5,10.5,13.5,6.5,0.0,0,
2017-10-23,10.0,8.5,11.5,8.0,0.0,0,
2017-10-24,10.3,6.5,13.1,7.699999999999999,0.0,0,
2017-10-25,14.6,12.4,17.0,3.4000000000000004,0.0,0,
2017-10-26,12.3,10.4,14.8,5.699999999999999,0.0,0,
2017-10-27,10.7,9.6,12.3,7.300000000000001,0.0,0,
2017-10-28,10.2,9.5,11.0,7.800000000000001,0.0,0,
2017-10-29,8.2,6.3,11.3,9.8,0.0,0,
2017-10-30,5.8,3.5,8.6,12.2,0.0,0,
2017-10-31,6.5,2.9,8.6,11.5,0.0,1,Reformation Day
2017-11-01,9.4,7.6,10.7,8.6,0.0,0,
2017-11-02,9.8,8.6,11.4,8.2,0.0,0,
2017-11-03,8.8,7.1,10.7,9.2,0.0,0,
2017-11-04,7.8,4.6,11.5,10.2,0.0,0,
2017-11-05,9.9,8.1,12.9,8.1,0.0,0,
2017-11-06,7.2,5.4,9.5,10.8,0.0,0,
2017-11-07,5.7,1.8,8.6,12.3,0.0,0,
2017-11-08,7.2,5.2,9.0,10.8,0.0,0,
2017-11-09,6.3,5.1,7.5,11.7,0.0,0,
2017-11-10,7.1,5.6,8.4,10.9,0.0,0,
2017-11-11,5.2,4.2,7.0,12.8,0.0,0,
2017-11-12,3.7,2.2,6.1,14.3,0.0,0,
2017-11-13,3.9,1.9,7.1,14.1,0.0,0,
2017-11-14,3.5,-0.5,6.5,14.5,0.0,0,
2017-11-15,7.1,6.1,8.3,10.9,0.0,0,
2017-11-16,7.8,6.9,9.3,10.2,0.0,0,
2017-11-17,5.6,2.4,8.1,12.4,0.0,0,
2017-11-18,4.0,2.4,6.1,14.0,0.0,0,
2017-11-19,4.2,2.7,5.9,13.8,0.0,0,
2017-11-20,3.4,0.2,5.9,14.6,0.0,0,
2017-11-21,3.7,2.6,4.5,14.3,0.0,0,
2017-11-22,7.7,4.7,9.4,10.3,0.0,0,
2017-11-23,8.5,5.0,12.8,9.5,0.0,0,
2017-11-24,9.6,4.5,13.2,8.4,0.0,0,
2017-11-25,3.9,1.7,5.6,14.1,0.0,0,
2017-11-26,3.1,0.8,5.1,14.9,0.0,0,
2017-11-27,3.8,1.9,5.1,14.2,0.0,0,
2017-11-28,5.1,2.6,6.7,12.9,0.0,0,
2017-11-29,1.7,-0.8,4.9,16.3,0.0,0,
2017-11-30,0.7,-1.9,3.2,17.3,0.0,0,
2017-12-01,1.2,-0.6,3.3,16.8,0.0,0,
2017-12-02,1.5,0.4,3.2,16.5,0.0,0,
2017-12-03,0.2,-1.0,2.3,17.8,0.0,0,
2017-12-04,3.1,1.3,4.6,14.9,0.0,0,
2017-12-05,5.4,0.4,7.1,12.6,0.0,0,
2017-12-06,6.2,5.4,6.9,11.8,0.0,0,
2017-12-07,5.4,3.6,6.8,12.6,0.0,0,
2017-12-08,4.0,1.1,6.1,14.0,0.0,0,
2017-12-09,1.3,-0.2,2.7,16.7,0.0,0,
2017-12-10,0.4,-1.0,1.7,17.6,0.0,0,
2017-12-11,2.9,0.2,5.3,15.1,0.0,0,
2017-12-12,4.2,1.5,6.7,13.8,0.0,0,
2017-12-13,1.7,-0.8,3.5,16.3,0.0,0,
2017-12-14,3.2,1.7,5.0,14.8,0.0,0,
2017-12-15,0.7,-0.9,2.0,17.3,0.0,0,
2017-12-16,1.5,-0.5,2.5,16.5,0.0,0,
2017-12-17,0.9,-1.1,1.9,17.1,0.0,0,
2017-12-18,-0.9,-3.5,2.3,18.9,0.0,0,
2017-12-19,1.0,-1.4,2.8,17.0,0.0,0,
2017-12-20,1.9,-0.2,4.0,16.1,0.0,0,
2017-12-21,5.2,3.8,6.9,12.8,0.0,0,
2017-12-22,4.8,2.9,6.3,13.2,0.0,0,
2017-12-23,5.9,3.5,8.3,12.1,0.0,0,
2017-12-24,8.4,8.0,9.0,9.6,0.0,0,
2017-12-25,7.7,3.8,9.4,10.3,0.0,1,Christmas Day
2017-12-26,5.0,2.6,9.0,13.0,0.0,1,Second Day of Christmas
2017-12-27,2.6,0.7,5.2,15.4,0.0,0,
2017-12-28,1.9,-0.3,3.9,16.1,0.0,0,
2017-12-29,1.5,-1.9,4.0,16.5,0.0,0,
2017-12-30,2.1,-1.6,8.6,15.9,0.0,0,
2017-12-31,8.3,3.1,11.2,9.7,0.0,0,
2018-01-01,8.2,3.2,11.9,9.8,0.0,1,New Year's Day
2018-01-02,3.9,2.5,5.6,14.1,0.0,0,
2018-01-03,4.7,1.9,8.3,13.3,0.0,0,
2018-01-04,6.0,5.1,7.1,12.0,0.0,0,
2018-01-05,6.5,4.1,8.6,11.5,0.0,0,
2018-01-06,4.2,1.5,7.2,13.8,0.0,0,
2018-01-07,1.2,-2.7,4.0,16.8,0.0,0,
2018-01-08,-2.4,-4.7,1.2,20.4,0.0,0,
2018-01-09,1.4,-2.8,4.8,16.6,0.0,0,
2018-01-10,2.1,-0.8,5.3,15.9,0.0,0,
2018-01-11,1.3,-0.8,2.5,16.7,0.0,0,
2018-01-12,1.3,0.7,2.3,16.7,0.0,0,
2018-01-13,-0.3,-2.1,0.7,18.3,0.0,0,
2018-01-14,-2.0,-4.3,-0.5,20.0,0.0,0,
2018-01-15,-0.7,-4.4,2.9,18.7,0.0,0,
2018-01-16,3.1,1.4,5.6,14.9,0.0,0,
2018-01-17,0.6,-1.1,2.0,17.4,0.0,0,
2018-01-18,1.7,0.1,4.9,16.3,0.0,0,
2018-01-19,1.7,0.2,3.7,16.3,0.0,0,
2018-01-20,-0.3,-2.9,2.6,18.3,0.0,0,
2018-01-21,-1.2,-3.0,1.9,19.2,0.0,0,
2018-01-22,-0.1,-1.6,1.7,18.1,0.0,0,
2018-01-23,0.2,-3.8,4.4,17.8,0.0,0,
2018-01-24,7.9,4.1,10.4,10.1,0.0,0,
2018-01-25,8.9,7.2,10.1,9.1,0.0,0,
2018-01-26,6.3,5.5,7.8,11.7,0.0,0,
2018-01-27,5.1,3.5,6.5,12.9,0.0,0,
2018-01-28,7.2,3.7,8.9,10.8,0.0,0,
2018-01-29,9.2,6.7,10.0,8.8,0.0,0,
2018-01-30,4.4,1.6,6.2,13.6,0.0,0,
2018-01-31,4.6,0.6,8.3,13.4,0.0,0,
2018-02-01,3.8,0.2,6.9,14.2,0.0,0,
2018-02-02,1.7,-0.9,4.9,16.3,0.0,0,
2018-02-03,0.6,-2.3,2.5,17.4,0.0,0,
2018-02-04,-0.9,-4.8,1.9,18.9,0.0,0,
2018-02-05,-2.1,-5.4,1.1,20.1,0.0,0,
2018-02-06,-4.4,-7.2,-0.2,22.4,0.0,0,
2018-02-07,-2.9,-5.7,1.3,20.9,0.0,0,
2018-02-08,-3.8,-7.5,0.8,21.8,0.0,0,
2018-02-09,-3.0,-7.1,1.7,21.0,0.0,0,
2018-02-10,-0.9,-3.8,2.5,18.9,0.0,0,
2018-02-11,0.9,-0.7,4.3,17.1,0.0,0,
2018-02-12,0.9,-1.4,4.2,17.1,0.0,0,
2018-02-13,-0.1,-3.0,4.3,18.1,0.0,0,
2018-02-14,-1.5,-5.3,3.8,19.5,0.0,0,
2018-02-15,-0.8,-4.5,3.1,18.8,0.0,0,
2018-02-16,2.3,-0.6,6.4,15.7,0.0,0,
2018-02-17,1.0,-1.5,4.6,17.0,0.0,0,
2018-02-18,1.1,-2.4,3.3,16.9,0.0,0,
2018-02-19,1.0,-1.4,4.2,17.0,0.0,0,
2018-02-20,-0.1,-2.2,3.5,18.1,0.0,0,
2018-02-21,-0.8,-3.5,3.9,18.8,0.0,0,
2018-02-22,-0.8,-3.2,2.0,18.8,0.0,0,
2018-02-23,-3.1,-5.5,-0.7,21.1,0.0,0,
2018-02-24,-2.8,-6.3,0.1,20.8,0.0,0,
2018-02-25,-5.3,-8.2,-1.6,23.3,0.0,0,
2018-02-26,-6.0,-8.2,-3.0,24.0,0.0,0,
2018-02-27,-7.9,-12.2,-4.0,25.9,0.0,0,
2018-02-28,-8.9,-11.8,-5.7,26.9,0.0,0,
2018-03-01,-8.5,-11.6,-5.0,26.5,0.0,0,
2018-03-02,-8.0,-12.4,-3.4,26.0,0.0,0,
2018-03-03,-7.0,-11.5,-2.5,25.0,0.0,0,
2018-03-04,-3.5,-9.3,3.5,21.5,0.0,0,
2018-03-05,1.3,-3.1,9.2,16.7,0.0,0,
2018-03-06,0.5,-3.2,5.2,17.5,0.0,0,
2018-03-07,1.4,0.1,3.5,16.6,0.0,0,
2018-03-08,2.8,-2.5,8.1,15.2,0.0,0,
2018-03-09,4.3,-0.6,8.6,13.7,0.0,0,
2018-03-10,3.4,-1.4,8.1,14.6,0.0,0,
2018-03-11,9.1,4.1,15.7,8.9,0.0,0,
2018-03-12,7.3,4.2,9.3,10.7,0.0,0,
2018-03-13,8.4,5.9,10.9,9.6,0.0,0,
2018-03-14,3.6,1.4,4.6,14.4,0.0,0,
2018-03-15,2.3,0.3,4.5,15.7,0.0,0,
2018-03-16,0.2,-2.3,2.2,17.8,0.0,0,
2018-03-17,-3.1,-5.1,-0.6,21.1,0.0,0,
2018-03-18,-3.0,-6.0,0.7,21.0,0.0,0,
2018-03-19,-2.0,-5.7,3.8,20.0,0.0,0,
2018-03-20,-1.7,-6.1,3.6,19.7,0.0,0,
2018-03-21,0.0,-5.6,6.1,18.0,0.0,0,
2018-03-22,1.7,-0.6,3.4,16.3,0.0,0,
2018-03-23,2.5,0.4,3.9,15.5,0.0,0,
2018-03-24,3.2,0.6,6.5,14.8,0.0,0,
2018-03-25,4.5,-1.2,9.9,13.5,0.0,0,
2018-03-26,4.0,-0.4,8.3,14.0,0.0,0,
2018-03-27,3.3,0.7,7.0,14.7,0.0,0,
2018-03-28,1.8,0.9,2.8,16.2,0.0,0,
2018-03-29,4.7,2.1,8.4,13.3,0.0,0,
2018-03-30,3.9,-2.0,9.6,14.1,0.0,1,Good Friday
2018-03-31,3.6,1.5,6.0,14.4,0.0,0,
2018-04-01,1.8,0.7,3.4,16.2,0.0,0,
2018-04-02,3.4,-1.4,7.8,14.6,0.0,1,Easter Monday
2018-04-03,10.5,4.0,17.2,7.5,0.0,0,
2018-04-04,13.3,8.5,19.4,4.699999999999999,0.0,0,
2018-04-05,10.4,5.9,14.5,7.6,0.0,0,
2018-04-06,6.0,1.1,11.2,12.0,0.0,0,
2018-04-07,9.9,3.7,17.4,8.1,0.0,0,
2018-04-08,12.8,8.5,19.1,5.199999999999999,0.0,0,
2018-04-09,13.0,5.3,20.3,5.0,0.0,0,
2018-04-10,15.6,10.9,22.1,2.4000000000000004,0.0,0,
2018-04-11,14.0,10.5,18.0,4.0,0.0,0,
2018-04-12,15.8,9.8,21.7,2.1999999999999993,0.0,0,
2018-04-13,16.4,11.9,20.6,1.6000000000000014,0.0,0,
2018-04-14,12.1,8.3,16.4,5.9,0.0,0,
2018-04-15,13.8,7.8,21.2,4.199999999999999,0.0,0,
2018-04-16,11.3,9.0,14.5,6.699999999999999,0.0,0,
2018-04-17,12.8,6.8,17.9,5.199999999999999,0.0,0,
2018-04-18,14.3,6.2,22.2,3.6999999999999993,0.0,0,
2018-04-19,15.9,8.6,22.7,2.0999999999999996,0.0,0,
2018-04-20,18.0,10.7,25.5,0.0,0.0,0,
2018-04-21,15.8,10.7,20.5,2.1999999999999993,0.0,0,
2018-04-22,14.8,7.3,21.9,3.1999999999999993,0.0,0,
2018-04-23,16.7,12.9,20.7,1.3000000000000007,0.0,0,
2018-04-24,12.6,9.0,16.3,5.4,0.0,0,
2018-04-25,12.7,8.2,16.3,5.300000000000001,0.0,0,
2018-04-26,9.5,6.5,12.9,8.5,0.0,0,
2018-04-27,10.4,4.9,14.9,7.6,0.0,0,
2018-04-28,13.8,5.8,20.8,4.199999999999999,0.0,0,
2018-04-29,16.2,9.4,22.3,1.8000000000000007,0.0,0,
2018-04-30,17.0,12.0,22.8,1.0,0.0,0,
2018-05-01,12.3,7.6,14.4,5.699999999999999,0.0,1,Labor Day
2018-05-02,10.5,4.4,14.4,7.5,0.0,0,
2018-05-03,13.1,8.0,19.3,4.9,0.0,0,
2018-05-04,11.3,4.7,16.9,6.699999999999999,0.0,0,
2018-05-05,12.0,5.3,18.0,6.0,0.0,0,
2018-05-06,14.5,8.1,20.5,3.5,0.0,0,
2018-05-07,16.6,8.9,23.1,1.3999999999999986,0.0,0,
2018-05-08,18.1,11.5,23.9,0.0,0.0,0,
2018-05-09,19.8,13.7,25.7,0.0,0.0,0,
2018-05-10,20.3,15.0,25.2,0.0,0.0,1,Ascension Day
2018-05-11,15.2,12.7,17.3,2.8000000000000007,0.0,0,
2018-05-12,16.8,12.8,21.7,1.1999999999999993,0.0,0,
2018-05-13,19.8,14.0,24.8,0.0,0.0,0,
2018-05-14,19.1,14.6,23.6,0.0,0.0,0,
2018-05-15,15.8,11.9,21.6,2.1999999999999993,0.0,0,
2018-05-16,16.0,11.5,20.7,2.0,0.0,0,
2018-05-17,16.7,11.9,21.8,1.3000000000000007,0.0,0,
2018-05-18,13.8,9.4,17.3,4.199999999999999,0.0,0,
2018-05-19,15.4,10.6,20.3,2.5999999999999996,0.0,0,
2018-05-20,15.1,8.0,20.7,2.9000000000000004,0.0,0,
2018-05-21,17.0,10.5,23.1,1.0,0.0,1,Pentecost Monday
2018-05-22,18.4,12.4,23.2,0.0,0.0,0,
2018-05-23,18.7,12.2,23.9,0.0,0.0,0,
2018-05-24,19.9,14.3,25.1,0.0,0.0,0,
2018-05-25,20.6,16.2,25.5,0.0,0.0,0,
2018-05-26,19.8,14.5,25.1,0.0,0.0,0,
2018-05-27,20.9,14.7,27.0,0.0,0.0,0,
2018-05-28,24.3,17.9,29.8,0.0,2.3000000000000007,0,
2018-05-29,25.2,19.5,30.7,0.0,3.1999999999999993,0,
2018-05-30,25.1,19.6,30.3,0.0,3.1000000000000014,0,
2018-05-31,24.8,18.0,30.3,0.0,2.8000000000000007,0,
2018-06-01,25.2,20.2,31.1,0.0,3.1999999999999993,0,
2018-06-02,21.3,18.6,24.7,0.0,0.0,0,
2018-06-03,20.3,18.0,23.5,0.0,0.0,0,
2018-06-04,20.8,16.5,24.8,0.0,0.0,0,
2018-06-05,18.5,14.6,22.6,0.0,0.0,0,
2018-06-06,17.5,12.3,22.8,0.5,0.0,0,
2018-06-07,19.8,12.4,26.8,0.0,0.0,0,
2018-06-08,22.5,14.2,29.0,0.0,0.5,0,
2018-06-09,25.1,19.1,30.4,0.0,3.1000000000000014,0,
2018-06-10,23.3,18.2,28.7,0.0,1.3000000000000007,0,
2018-06-11,20.2,16.1,24.3,0.0,0.0,0,
2018-06-12,17.3,13.2,21.3,0.6999999999999993,0.0,0,
2018-06-13,15.7,14.0,17.7,2.3000000000000007,0.0,0,
2018-06-14,16.9,12.7,21.2,1.1000000000000014,0.0,0,
2018-06-15,18.1,14.7,21.8,0.0,0.0,0,
2018-06-16,20.9,16.4,25.8,0.0,0.0,0,
2018-06-17,21.7,17.9,25.5,0.0,0.0,0,
2018-06-18,19.3,13.4,23.2,0.0,0.0,0,
2018-06-19,20.8,17.6,24.3,0.0,0.0,0,
2018-06-20,21.4,16.4,26.7,0.0,0.0,0,
2018-06-21,18.7,12.7,26.2,0.0,0.0,0,
2018-06-22,13.8,10.2,17.6,4.199999999999999,0.0,0,
2018-06-23,14.2,12.0,17.5,3.8000000000000007,0.0,0,
2018-06-24,13.6,12.2,15.3,4.4,0.0,0,
2018-06-25,15.6,10.0,20.4,2.4000000000000004,0.0,0,
2018-06-26,16.8,11.5,21.9,1.1999999999999993,0.0,0,
2018-06-27,18.4,12.5,23.1,0.0,0.0,0,
2018-06-28,21.0,15.4,26.5,0.0,0.0,0,
2018-06-29,21.5,16.1,28.4,0.0,0.0,0,
2018-06-30,16.8,11.7,20.5,1.1999999999999993,0.0,0,
2018-07-01,15.9,10.1,20.2,2.0999999999999996,0.0,0,
2018-07-02,16.6,8.7,22.9,1.3999999999999986,0.0,0,
2018-07-03,20.0,11.0,27.0,0.0,0.0,0,
2018-07-04,22.5,13.2,29.7,0.0,0.5,0,
2018-07-05,23.3,15.4,30.1,0.0,1.3000000000000007,0,
2018-07-06,19.5,15.8,24.4,0.0,0.0,0,
2018-07-07,19.1,12.0,25.1,0.0,0.0,0,
2018-07-08,20.2,14.6,25.0,0.0,0.0,0,
2018-07-09,19.5,15.9,23.6,0.0,0.0,0,
2018-07-10,16.9,13.7,20.7,1.1000000000000014,0.0,0,
2018-07-11,16.9,13.4,22.0,1.1000000000000014,0.0,0,
2018-07-12,16.7,15.0,19.3,1.3000000000000007,0.0,0,
2018-07-13,20.1,15.2,25.5,0.0,0.0,0,
2018-07-14,18.8,14.8,23.2,0.0,0.0,0,
2018-07-15,18.1,11.7,23.4,0.0,0.0,0,
2018-07-16,20.3,13.2,26.3,0.0,0.0,0,
2018-07-17,21.5,16.9,27.3,0.0,0.0,0,
2018-07-18,21.6,18.5,26.0,0.0,0.0,0,
2018-07-19,20.6,16.9,24.7,0.0,0.0,0,
2018-07-20,20.1,12.6,26.3,0.0,0.0,0,
2018-07-21,20.6,13.6,26.2,0.0,0.0,0,
2018-07-22,22.0,16.0,26.8,0.0,0.0,0,
2018-07-23,22.3,17.7,27.4,0.0,0.3000000000000007,0,
2018-07-24,23.7,17.3,28.9,0.0,1.6999999999999993,0,
2018-07-25,25.2,18.0,31.0,0.0,3.1999999999999993,0,
2018-07-26,25.4,18.4,31.2,0.0,3.3999999999999986,0,
2018-07-27,25.6,19.8,31.0,0.0,3.6000000000000014,0,
2018-07-28,25.8,20.5,32.2,0.0,3.8000000000000007,0,
2018-07-29,23.7,19.3,28.1,0.0,1.6999999999999993,0,
2018-07-30,26.5,20.5,31.8,0.0,4.5,0,
2018-07-31,28.5,21.0,34.8,0.0,6.5,0,
2018-08-01,28.1,23.3,31.8,0.0,6.100000000000001,0,
2018-08-02,25.4,20.5,31.0,0.0,3.3999999999999986,0,
2018-08-03,26.7,20.6,32.0,0.0,4.699999999999999,0,
2018-08-04,27.1,21.1,32.5,0.0,5.100000000000001,0,
2018-08-05,22.5,19.2,25.8,0.0,0.5,0,
2018-08-06,22.3,16.0,28.3,0.0,0.3000000000000007,0,
2018-08-07,27.2,18.5,34.9,0.0,5.199999999999999,0,
2018-08-08,29.9,23.7,36.6,0.0,7.899999999999999,0,
2018-08-09,27.4,20.6,34.0,0.0,5.399999999999999,0,
2018-08-10,22.1,18.8,24.7,0.0,0.10000000000000142,0,
2018-08-11,19.9,16.8,23.3,0.0,0.0,0,
2018-08-12,19.9,12.7,26.4,0.0,0.0,0,
2018-08-13,22.4,14.7,31.4,0.0,0.3999999999999986,0,
2018-08-14,21.0,17.7,24.7,0.0,0.0,0,
2018-08-15,20.2,16.4,24.3,0.0,0.0,0,
2018-08-16,22.6,14.4,29.5,0.0,0.6000000000000014,0,
2018-08-17,24.7,18.4,31.3,0.0,2.6999999999999993,0,
2018-08-18,21.4,17.2,25.9,0.0,0.0,0,
2018-08-19,22.3,14.7,28.9,0.0,0.3000000000000007,0,
2018-08-20,21.4,17.3,25.4,0.0,0.0,0,
2018-08-21,19.4,15.3,23.1,0.0,0.0,0,
2018-08-22,20.4,12.6,27.6,0.0,0.0,0,
2018-08-23,24.8,15.3,33.4,0.0,2.8000000000000007,0,
2018-08-24,21.0,18.2,24.7,0.0,0.0,0,
2018-08-25,16.8,13.3,20.7,1.1999999999999993,0.0,0,
2018-08-26,15.2,10.7,19.4,2.8000000000000007,0.0,0,
2018-08-27,17.4,12.9,22.9,0.6000000000000014,0.0,0,
2018-08-28,18.1,14.9,21.6,0.0,0.0,0,
2018-08-29,19.5,12.1,26.4,0.0,0.0,0,
2018-08-30,17.6,15.7,19.5,0.3999999999999986,0.0,0,
2018-08-31,16.1,12.8,19.8,1.8999999999999986,0.0,0,
2018-09-01,16.5,9.4,22.6,1.5,0.0,0,
2018-09-02,18.5,14.2,23.5,0.0,0.0,0,
2018-09-03,22.2,17.5,27.7,0.0,0.1999999999999993,0,
2018-09-04,20.1,15.7,25.3,0.0,0.0,0,
2018-09-05,19.2,15.2,24.0,0.0,0.0,0,
2018-09-06,19.8,15.7,24.0,0.0,0.0,0,
2018-09-07,18.4,16.0,22.5,0.0,0.0,0,
2018-09-08,16.6,11.0,21.2,1.3999999999999986,0.0,0,
2018-09-09,18.8,12.4,24.8,0.0,0.0,0,
2018-09-10,19.4,12.5,26.1,0.0,0.0,0,
2018-09-11,20.6,16.0,25.9,0.0,0.0,0,
2018-09-12,20.8,15.6,26.7,0.0,0.0,0,
2018-09-13,14.8,13.5,15.9,3.1999999999999993,0.0,0,
2018-09-14,16.1,12.3,19.6,1.8999999999999986,0.0,0,
2018-09-15,16.5,12.9,20.4,1.5,0.0,0,
2018-09-16,15.9,10.0,21.5,2.0999999999999996,0.0,0,
2018-09-17,18.2,10.1,26.2,0.0,0.0,0,
2018-09-18,20.5,12.7,29.1,0.0,0.0,0,
2018-09-19,21.9,14.9,27.9,0.0,0.0,0,
2018-09-20,22.2,15.9,28.6,0.0,0.1999999999999993,0,
2018-09-21,20.5,13.7,30.0,0.0,0.0,0,
2018-09-22,14.2,11.9,17.3,3.8000000000000007,0.0,0,
2018-09-23,11.0,9.0,13.3,7.0,0.0,0,
2018-09-24,9.9,7.4,13.1,8.1,0.0,0,
2018-09-25,9.2,5.4,13.9,8.8,0.0,0,
2018-09-26,11.3,5.0,16.4,6.699999999999999,0.0,0,
2018-09-27,16.8,14.0,21.9,1.1999999999999993,0.0,0,
2018-09-28,12.8,9.2,15.8,5.199999999999999,0.0,0,
2018-09-29,9.8,5.5,13.8,8.2,0.0,0,
2018-09-30,9.9,4.8,17.1,8.1,0.0,0,
2018-10-01,9.0,3.8,14.0,9.0,0.0,0,
2018-10-02,7.9,5.3,10.6,10.1,0.0,0,
2018-10-03,11.0,9.0,13.7,7.0,0.0,1,German Unity Day
2018-10-04,10.9,8.5,14.3,7.1,0.0,0,
2018-10-05,13.5,9.2,19.5,4.5,0.0,0,
2018-10-06,14.8,9.5,21.9,3.1999999999999993,0.0,0,
2018-10-07,12.1,5.9,15.1,5.9,0.0,0,
2018-10-08,8.2,2.9,14.2,9.8,0.0,0,
2018-10-09,10.6,4.3,17.9,7.4,0.0,0,
2018-10-10,14.2,7.0,21.8,3.8000000000000007,0.0,0,
2018-10-11,17.0,12.1,23.3,1.0,0.0,0,
2018-10-12,17.1,12.6,23.9,0.8999999999999986,0.0,0,
2018-10-13,16.5,10.2,24.0,1.5,0.0,0,
2018-10-14,17.2,12.2,23.0,0.8000000000000007,0.0,0,
2018-10-15,16.1,12.0,21.5,1.8999999999999986,0.0,0,
2018-10-16,14.3,8.8,20.9,3.6999999999999993,0.0,0,
2018-10-17,13.2,7.2,20.4,4.800000000000001,0.0,0,
2018-10-18,12.4,7.0,18.8,5.6,0.0,0,
2018-10-19,9.9,5.9,13.9,8.1,0.0,0,
2018-10-20,8.4,3.5,12.5,9.6,0.0,0,
2018-10-21,9.4,5.8,14.3,8.6,0.0,0,
2018-10-22,8.6,5.3,11.1,9.4,0.0,0,
2018-10-23,8.7,5.2,11.4,9.3,0.0,0,
2018-10-24,9.5,6.2,11.2,8.5,0.0,0,
2018-10-25,10.9,8.9,12.3,7.1,0.0,0,
2018-10-26,10.3,8.9,12.0,7.699999999999999,0.0,0,
2018-10-27,8.0,4.5,10.3,10.0,0.0,0,
2018-10-28,5.9,3.1,9.0,12.1,0.0,0,
2018-10-29,4.8,4.2,6.7,13.2,0.0,0,
2018-10-30,13.2,5.9,19.9,4.800000000000001,0.0,0,
2018-10-31,9.0,6.8,12.2,9.0,0.0,0,
2018-11-01,8.5,4.2,13.7,9.5,0.0,0,
2018-11-02,9.2,6.0,14.1,8.8,0.0,0,
2018-11-03,7.1,4.3,10.0,10.9,0.0,0,
2018-11-04,9.0,5.9,11.4,9.0,0.0,0,
2018-11-05,11.6,8.6,16.0,6.4,0.0,0,
2018-11-06,11.8,8.8,16.4,6.199999999999999,0.0,0,
2018-11-07,10.4,7.3,15.4,7.6,0.0,0,
2018-11-08,8.2,3.9,13.9,9.8,0.0,0,
2018-11-09,8.4,5.9,10.2,9.6,0.0,0,
2018-11-10,8.4,5.3,12.7,9.6,0.0,0,
2018-11-11,8.9,6.4,12.6,9.1,0.0,0,
2018-11-12,11.2,8.6,14.3,6.800000000000001,0.0,0,
2018-11-13,10.5,8.4,11.9,7.5,0.0,0,
2018-11-14,8.5,6.7,11.1,9.5,0.0,0,
2018-11-15,7.3,5.3,10.7,10.7,0.0,0,
2018-11-16,5.4,3.0,8.4,12.6,0.0,0,
2018-11-17,2.7,-0.4,5.8,15.3,0.0,0,
2018-11-18,0.6,-4.1,4.7,17.4,0.0,0,
2018-11-19,3.4,2.1,4.4,14.6,0.0,0,
2018-11-20,2.1,1.4,3.2,15.9,0.0,0,
2018-11-21,1.3,0.9,2.0,16.7,0.0,0,
2018-11-22,1.4,0.9,2.8,16.6,0.0,0,
2018-11-23,2.1,0.4,3.8,15.9,0.0,0,
2018-11-24,1.3,-1.9,5.1,16.7,0.0,0,
2018-11-25,3.7,1.1,5.9,14.3,0.0,0,
2018-11-26,2.3,0.8,4.1,15.7,0.0,0,
2018-11-27,-0.5,-3.5,1.7,18.5,0.0,0,
2018-11-28,-0.5,-2.5,2.7,18.5,0.0,0,
2018-11-29,-0.4,-2.0,2.3,18.4,0.0,0,
2018-11-30,0.4,-0.3,1.9,17.6,0.0,0,
2018-12-01,3.1,0.5,6.6,14.9,0.0,0,
2018-12-02,6.0,2.9,9.3,12.0,0.0,0,
2018-12-03,9.7,7.6,12.4,8.3,0.0,0,
2018-12-04,6.3,2.5,9.2,11.7,0.0,0,
2018-12-05,1.8,-0.5,5.8,16.2,0.0,0,
2018-12-06,4.6,-0.5,8.7,13.4,0.0,0,
2018-12-07,10.1,8.9,11.1,7.9,0.0,0,
2018-12-08,6.9,4.8,9.6,11.1,0.0,0,
2018-12-09,6.8,5.7,7.6,11.2,0.0,0,
2018-12-10,4.1,2.2,5.8,13.9,0.0,0,
2018-12-11,3.3,2.5,4.4,14.7,0.0,0,
2018-12-12,1.9,-0.4,3.8,16.1,0.0,0,
2018-12-13,1.2,-0.1,2.3,16.8,0.0,0,
2018-12-14,-0.5,-2.5,0.5,18.5,0.0,0,
2018-12-15,-0.8,-2.0,0.7,18.8,0.0,0,
2018-12-16,-0.8,-2.0,0.4,18.8,0.0,0,
2018-12-17,-0.3,-2.3,1.6,18.3,0.0,0,
2018-12-18,3.1,1.0,5.1,14.9,0.0,0,
2018-12-19,1.6,-0.1,3.1,16.4,0.0,0,
2018-12-20,3.4,1.9,5.2,14.6,0.0,0,
2018-12-21,6.0,3.8,10.2,12.0,0.0,0,
2018-12-22,6.1,2.4,9.2,11.9,0.0,0,
2018-12-23,5.2,3.4,7.1,12.8,0.0,0,
2018-12-24,2.2,0.1,5.0,15.8,0.0,0,
2018-12-25,4.4,3.2,5.6,13.6,0.0,1,Christmas Day
2018-12-26,5.7,4.9,7.3,12.3,0.0,1,Second Day of Christmas
2018-12-27,5.4,4.3,7.3,12.6,0.0,0,
2018-12-28,6.0,5.3,7.0,12.0,0.0,0,
2018-12-29,5.6,4.6,6.5,12.4,0.0,0,
2018-12-30,5.8,3.7,7.6,12.2,0.0,0,
2018-12-31,4.5,2.0,7.0,13.5,0.0,0,
2019-01-01,6.4,4.0,7.5,11.6,0.0,1,New Year's Day
2019-01-02,2.2,-0.8,3.8,15.8,0.0,0,
2019-01-03,-0.7,-2.7,2.1,18.7,0.0,0,
2019-01-04,1.2,-3.1,4.5,16.8,0.0,0,
2019-01-05,5.7,3.5,7.6,12.3,0.0,0,
2019-01-06,1.4,-0.6,2.9,16.6,0.0,0,
2019-01-07,2.9,0.2,5.1,15.1,0.0,0,
2019-01-08,4.7,2.0,5.9,13.3,0.0,0,
2019-01-09,1.7,1.2,2.9,16.3,0.0,0,
2019-01-10,0.8,-0.8,2.5,17.2,0.0,0,
2019-01-11,1.7,-0.9,5.3,16.3,0.0,0,
2019-01-12,3.9,1.7,5.4,14.1,0.0,0,
2019-01-13,5.9,4.8,7.5,12.1,0.0,0,
2019-01-14,2.2,-0.3,5.4,15.8,0.0,0,
2019-01-15,3.1,0.3,6.3,14.9,0.0,0,
2019-01-16,6.1,3.9,6.9,11.9,0.0,0,
2019-01-17,4.2,1.3,6.4,13.8,0.0,0,
2019-01-18,0.3,-1.4,2.1,17.7,0.0,0,
2019-01-19,-0.6,-2.4,2.2,18.6,0.0,0,
2019-01-20,-3.1,-6.1,1.1,21.1,0.0,0,
2019-01-21,-3.2,-4.1,-1.3,21.2,0.0,0,
2019-01-22,-3.6,-5.1,-0.4,21.6,0.0,0,
2019-01-23,-5.5,-7.2,-2.3,23.5,0.0,0,
2019-01-24,-3.9,-4.6,-3.2,21.9,0.0,0,
2019-01-25,-3.7,-4.6,-2.6,21.7,0.0,0,
2019-01-26,-0.1,-3.6,2.8,18.1,0.0,0,
2019-01-27,3.3,2.4,5.1,14.7,0.0,0,
2019-01-28,2.6,1.3,4.8,15.4,0.0,0,
2019-01-29,-0.1,-3.1,2.8,18.1,0.0,0,
2019-01-30,-1.0,-3.8,2.7,19.0,0.0,0,
2019-01-31,0.3,-1.5,3.4,17.7,0.0,0,
2019-02-01,-0.8,-3.6,1.7,18.8,0.0,0,
2019-02-02,0.4,-0.5,1.8,17.6,0.0,0,
2019-02-03,0.9,0.2,2.0,17.1,0.0,0,
2019-02-04,0.7,-2.0,4.7,17.3,0.0,0,
2019-02-05,2.1,-0.5,4.2,15.9,0.0,0,
2019-02-06,2.4,-0.2,6.2,15.6,0.0,0,
2019-02-07,2.3,-1.2,6.2,15.7,0.0,0,
2019-02-08,4.6,1.5,8.2,13.4,0.0,0,
2019-02-09,7.0,5.5,9.9,11.0,0.0,0,
2019-02-10,6.7,4.2,8.5,11.3,0.0,0,
2019-02-11,4.5,1.7,6.6,13.5,0.0,0,
2019-02-12,2.5,-0.1,5.4,15.5,0.0,0,
2019-02-13,5.8,2.3,8.0,12.2,0.0,0,
2019-02-14,5.9,2.5,9.7,12.1,0.0,0,
2019-02-15,3.4,-2.1,11.3,14.6,0.0,0,
2019-02-16,5.6,1.1,13.9,12.4,0.0,0,
2019-02-17,4.5,-1.3,12.1,13.5,0.0,0,
2019-02-18,5.0,-0.8,13.0,13.0,0.0,0,
2019-02-19,6.1,3.2,9.7,11.9,0.0,0,
2019-02-20,6.3,4.3,9.7,11.7,0.0,0,
2019-02-21,7.8,6.2,11.0,10.2,0.0,0,
2019-02-22,3.2,-2.6,8.4,14.8,0.0,0,
2019-02-23,-1.0,-4.8,4.1,19.0,0.0,0,
2019-02-24,2.0,-3.4,10.0,16.0,0.0,0,
2019-02-25,4.6,-1.6,12.4,13.4,0.0,0,
2019-02-26,5.8,2.2,11.1,12.2,0.0,0,
2019-02-27,6.4,0.6,14.2,11.6,0.0,0,
2019-02-28,7.6,4.8,12.4,10.4,0.0,0,
2019-03-01,4.5,3.4,5.9,13.5,0.0,0,
2019-03-02,3.9,2.2,5.6,14.1,0.0,0,
2019-03-03,8.1,4.2,10.0,9.9,0.0,0,
2019-03-04,9.5,5.9,14.2,8.5,0.0,0,
2019-03-05,6.4,4.1,8.7,11.6,0.0,0,
2019-03-06,6.3,1.3,11.2,11.7,0.0,0,
2019-03-07,10.1,7.6,16.1,7.9,0.0,0,
2019-03-08,7.5,3.9,9.6,10.5,0.0,0,
2019-03-09,6.9,4.4,11.5,11.1,0.0,0,
2019-03-10,4.9,1.8,7.5,13.1,0.0,0,
2019-03-11,3.0,1.1,5.6,15.0,0.0,0,
2019-03-12,4.8,1.7,8.3,13.2,0.0,0,
2019-03-13,6.9,3.5,9.9,11.1,0.0,0,
2019-03-14,5.5,3.5,8.3,12.5,0.0,0,
2019-03-15,7.3,5.0,9.4,10.7,0.0,0,
2019-03-16,6.7,4.9,8.9,11.3,0.0,0,
2019-03-17,8.2,4.6,12.5,9.8,0.0,0,
2019-03-18,4.9,2.8,7.7,13.1,0.0,0,
2019-03-19,4.7,0.1,8.2,13.3,0.0,0,
2019-03-20,5.5,-2.0,11.6,12.5,0.0,0,
2019-03-21,10.2,7.7,13.6,7.800000000000001,0.0,0,
2019-03-22,8.7,3.6,13.5,9.3,0.0,0,
2019-03-23,10.2,4.6,16.8,7.800000000000001,0.0,0,
2019-03-24,6.9,2.5,10.6,11.1,0.0,0,
2019-03-25,4.5,1.6,7.8,13.5,0.0,0,
2019-03-26,4.8,1.5,8.3,13.2,0.0,0,
2019-03-27,6.4,2.3,9.5,11.6,0.0,0,
2019-03-28,8.8,7.5,10.9,9.2,0.0,0,
2019-03-29,9.6,7.3,12.7,8.4,0.0,0,
2019-03-30,9.5,2.1,16.9,8.5,0.0,0,
2019-03-31,7.9,2.7,12.0,10.1,0.0,0,
2019-04-01,4.4,-1.5,10.0,13.6,0.0,0,
2019-04-02,7.6,1.8,13.7,10.4,0.0,0,
2019-04-03,11.8,6.7,18.0,6.199999999999999,0.0,0,
2019-04-04,13.3,7.7,19.3,4.699999999999999,0.0,0,
2019-04-05,12.4,8.9,16.2,5.6,0.0,0,
2019-04-06,13.5,7.5,20.0,4.5,0.0,0,
2019-04-07,12.4,6.5,18.2,5.6,0.0,0,
2019-04-08,10.8,3.9,18.2,7.199999999999999,0.0,0,
2019-04-09,6.8,3.7,11.6,11.2,0.0,0,
2019-04-10,5.3,2.3,8.7,12.7,0.0,0,
2019-04-11,3.6,0.6,6.7,14.4,0.0,0,
2019-04-12,3.2,1.4,5.0,14.8,0.0,0,
2019-04-13,4.0,1.2,7.2,14.0,0.0,0,
2019-04-14,5.1,1.6,9.4,12.9,0.0,0,
2019-04-15,7.0,1.2,12.5,11.0,0.0,0,
2019-04-16,8.0,1.3,14.7,10.0,0.0,0,
2019-04-17,10.3,3.4,16.8,7.699999999999999,0.0,0,
2019-04-18,13.0,6.5,19.9,5.0,0.0,0,
2019-04-19,14.1,8.3,20.9,3.9000000000000004,0.0,1,Good Friday
2019-04-20,12.1,3.8,20.0,5.9,0.0,0,
2019-04-21,13.5,6.0,20.0,4.5,0.0,0,
2019-04-22,13.2,7.1,18.8,4.800000000000001,0.0,1,Easter Monday
2019-04-23,14.4,10.4,19.6,3.5999999999999996,0.0,0,
2019-04-24,16.5,10.9,22.5,1.5,0.0,0,
2019-04-25,18.4,12.8,24.2,0.0,0.0,0,
2019-04-26,19.3,14.3,25.2,0.0,0.0,0,
2019-04-27,12.9,9.7,17.2,5.1,0.0,0,
2019-04-28,10.5,8.3,13.0,7.5,0.0,0,
2019-04-29,10.9,6.9,16.7,7.1,0.0,0,
2019-04-30,10.5,4.7,17.3,7.5,0.0,0,
2019-05-01,12.1,8.5,17.2,5.9,0.0,1,Labor Day
2019-05-02,10.5,6.8,14.1,7.5,0.0,0,
2019-05-03,8.6,6.4,10.7,9.4,0.0,0,
2019-05-04,6.4,3.7,10.3,11.6,0.0,0,
2019-05-05,6.7,0.2,11.4,11.3,0.0,0,
2019-05-06,7.4,2.3,11.4,10.6,0.0,0,
2019-05-07,8.4,5.0,12.3,9.6,0.0,0,
2019-05-08,11.0,1.7,18.0,7.0,0.0,0,
2019-05-09,13.0,10.7,16.8,5.0,0.0,0,
2019-05-10,12.3,8.2,16.7,5.699999999999999,0.0,0,
2019-05-11,10.6,5.3,15.0,7.4,0.0,0,
2019-05-12,10.9,7.8,15.7,7.1,0.0,0,
2019-05-13,9.8,4.7,14.6,8.2,0.0,0,
2019-05-14,8.7,4.1,13.4,9.3,0.0,0,
2019-05-15,8.6,3.2,13.4,9.4,0.0,0,
2019-05-16,10.0,7.2,13.7,8.0,0.0,0,
2019-05-17,12.7,5.4,18.6,5.300000000000001,0.0,0,
2019-05-18,16.8,10.3,22.7,1.1999999999999993,0.0,0,
2019-05-19,17.7,10.3,23.7,0.3000000000000007,0.0,0,
2019-05-20,18.4,14.0,24.6,0.0,0.0,0,
2019-05-21,17.7,12.1,22.4,0.3000000000000007,0.0,0,
2019-05-22,13.7,12.0,15.6,4.300000000000001,0.0,0,
2019-05-23,14.0,8.6,19.4,4.0,0.0,0,
2019-05-24,16.4,8.3,22.2,1.6000000000000014,0.0,0,
2019-05-25,14.5,11.0,17.9,3.5,0.0,0,
2019-05-26,15.8,8.5,22.3,2.1999999999999993,0.0,0,
2019-05-27,17.2,15.3,19.5,0.8000000000000007,0.0,0,
2019-05-28,15.6,11.8,18.9,2.4000000000000004,0.0,0,
2019-05-29,12.7,8.5,16.5,5.300000000000001,0.0,0,
2019-05-30,15.4,6.7,22.9,2.5999999999999996,0.0,1,Ascension Day
2019-05-31,18.9,13.4,24.0,0.0,0.0,0,
2019-06-01,21.4,14.7,28.1,0.0,0.0,0,
2019-06-02,23.6,15.4,30.5,0.0,1.6000000000000014,0,
2019-06-03,27.1,19.6,33.6,0.0,5.100000000000001,0,
2019-06-04,24.8,17.7,30.4,0.0,2.8000000000000007,0,
2019-06-05,27.1,19.8,32.8,0.0,5.100000000000001,0,
2019-06-06,23.4,16.4,29.8,0.0,1.3999999999999986,0,
2019-06-07,19.5,14.4,25.6,0.0,0.0,0,
2019-06-08,19.1,15.6,22.5,0.0,0.0,0,
2019-06-09,19.7,12.3,25.8,0.0,0.0,0,
2019-06-10,22.3,16.5,27.6,0.0,0.3000000000000007,1,Pentecost Monday
2019-06-11,23.0,17.4,28.8,0.0,1.0,0,
2019-06-12,24.0,18.5,33.1,0.0,2.0,0,
2019-06-13,20.1,15.3,25.5,0.0,0.0,0,
2019-06-14,23.5,14.7,30.3,0.0,1.5,0,
2019-06-15,25.4,21.1,32.4,0.0,3.3999999999999986,0,
2019-06-16,19.6,15.4,24.0,0.0,0.0,0,
2019-06-17,21.0,14.3,26.4,0.0,0.0,0,
2019-06-18,24.1,16.8,29.7,0.0,2.1000000000000014,0,
2019-06-19,24.7,18.0,30.9,0.0,2.6999999999999993,0,
2019-06-20,22.8,19.0,27.4,0.0,0.8000000000000007,0,
2019-06-21,20.9,17.1,24.2,0.0,0.0,0,
2019-06-22,20.4,14.4,25.0,0.0,0.0,0,
2019-06-23,21.8,15.3,27.7,0.0,0.0,0,
2019-06-24,23.5,16.2,29.1,0.0,1.5,0,
2019-06-25,27.3,19.8,33.6,0.0,5.300000000000001,0,
2019-06-26,29.5,22.1,36.3,0.0,7.5,0,
2019-06-27,20.6,16.0,25.1,0.0,0.0,0,
2019-06-28,19.5,14.8,24.3,0.0,0.0,0,
2019-06-29,22.8,13.3,30.4,0.0,0.8000000000000007,0,
2019-06-30,28.2,16.9,37.4,0.0,6.199999999999999,0,
2019-07-01,23.1,18.0,27.6,0.0,1.1000000000000014,0,
2019-07-02,18.4,15.0,22.2,0.0,0.0,0,
2019-07-03,15.8,10.5,18.9,2.1999999999999993,0.0,0,
2019-07-04,17.2,10.9,22.1,0.8000000000000007,0.0,0,
2019-07-05,17.9,15.8,20.9,0.10000000000000142,0.0,0,
2019-07-06,18.2,14.3,23.2,0.0,0.0,0,
2019-07-07,15.1,11.5,17.8,2.9000000000000004,0.0,0,
2019-07-08,14.4,10.8,18.7,3.5999999999999996,0.0,0,
2019-07-09,15.4,11.1,18.1,2.5999999999999996,0.0,0,
2019-07-10,16.8,11.1,21.3,1.1999999999999993,0.0,0,
2019-07-11,18.6,11.1,24.2,0.0,0.0,0,
2019-07-12,17.5,16.0,19.3,0.5,0.0,0,
2019-07-13,19.6,14.5,24.4,0.0,0.0,0,
2019-07-14,18.2,14.9,22.5,0.0,0.0,0,
2019-07-15,16.7,14.6,18.7,1.3000000000000007,0.0,0,
2019-07-16,17.4,14.3,20.8,0.6000000000000014,0.0,0,
2019-07-17,18.2,12.0,22.9,0.0,0.0,0,
2019-07-18,20.2,13.0,25.6,0.0,0.0,0,
2019-07-19,21.6,16.9,24.6,0.0,0.0,0,
2019-07-20,23.4,14.8,29.8,0.0,1.3999999999999986,0,
2019-07-21,21.8,16.4,26.2,0.0,0.0,0,
2019-07-22,20.7,15.8,25.1,0.0,0.0,0,
2019-07-23,23.8,17.4,30.2,0.0,1.8000000000000007,0,
2019-07-24,25.8,17.6,32.9,0.0,3.8000000000000007,0,
2019-07-25,27.0,19.5,34.1,0.0,5.0,0,
2019-07-26,25.5,20.0,30.8,0.0,3.5,0,
2019-07-27,24.0,19.4,27.9,0.0,2.0,0,
2019-07-28,25.3,19.1,30.7,0.0,3.3000000000000007,0,
2019-07-29,27.6,23.3,33.5,0.0,5.600000000000001,0,
2019-07-30,24.4,20.6,29.8,0.0,2.3999999999999986,0,
2019-07-31,21.1,16.7,26.4,0.0,0.0,0,
2019-08-01,19.3,15.2,24.1,0.0,0.0,0,
2019-08-02,18.6,13.7,23.9,0.0,0.0,0,
2019-08-03,19.3,14.8,24.5,0.0,0.0,0,
2019-08-04,19.6,15.0,23.9,0.0,0.0,0,
2019-08-05,19.8,13.8,25.0,0.0,0.0,0,
2019-08-06,21.5,16.3,27.4,0.0,0.0,0,
2019-08-07,20.5,16.4,24.3,0.0,0.0,0,
2019-08-08,20.6,15.6,25.8,0.0,0.0,0,
2019-08-09,21.3,14.9,27.0,0.0,0.0,0,
2019-08-10,23.0,19.4,27.2,0.0,1.0,0,
2019-08-11,22.9,17.7,27.3,0.0,0.8999999999999986,0,
2019-08-12,20.7,18.0,23.7,0.0,0.0,0,
2019-08-13,18.3,15.2,21.9,0.0,0.0,0,
2019-08-14,16.4,11.8,20.9,1.6000000000000014,0.0,0,
2019-08-15,17.4,11.4,22.5,0.6000000000000014,0.0,0,
2019-08-16,18.5,14.9,22.2,0.0,0.0,0,
2019-08-17,20.3,14.9,26.8,0.0,0.0,0,
2019-08-18,20.9,18.1,25.6,0.0,0.0,0,
2019-08-19,19.6,15.8,23.6,0.0,0.0,0,
2019-08-20,19.1,12.7,24.5,0.0,0.0,0,
2019-08-21,18.7,14.7,23.3,0.0,0.0,0,
2019-08-22,19.4,10.9,26.4,0.0,0.0,0,
2019-08-23,21.6,14.0,27.8,0.0,0.0,0,
2019-08-24,22.5,14.5,29.1,0.0,0.5,0,
2019-08-25,24.9,19.9,30.0,0.0,2.8999999999999986,0,
2019-08-26,25.2,18.6,31.0,0.0,3.1999999999999993,0,
2019-08-27,25.2,20.1,30.6,0.0,3.1999999999999993,0,
2019-08-28,25.9,20.2,32.1,0.0,3.8999999999999986,0,
2019-08-29,24.1,17.6,30.1,0.0,2.1000000000000014,0,
2019-08-30,23.7,18.9,29.1,0.0,1.6999999999999993,0,
2019-08-31,26.2,19.4,32.5,0.0,4.199999999999999,0,
2019-09-01,24.5,19.8,29.3,0.0,2.5,0,
2019-09-02,17.8,14.0,21.0,0.1999999999999993,0.0,0,
2019-09-03,16.0,10.4,20.3,2.0,0.0,0,
2019-09-04,19.3,13.1,27.0,0.0,0.0,0,
2019-09-05,18.1,15.0,22.1,0.0,0.0,0,
2019-09-06,15.0,9.7,20.2,3.0,0.0,0,
2019-09-07,14.9,8.9,20.0,3.0999999999999996,0.0,0,
2019-09-08,15.6,10.4,20.1,2.4000000000000004,0.0,0,
2019-09-09,13.9,13.1,14.9,4.1,0.0,0,
2019-09-10,15.2,12.6,19.3,2.8000000000000007,0.0,0,
2019-09-11,16.0,8.9,21.9,2.0,0.0,0,
2019-09-12,17.6,14.3,21.3,0.3999999999999986,0.0,0,
2019-09-13,17.2,13.6,20.3,0.8000000000000007,0.0,0,
2019-09-14,13.6,8.8,18.4,4.4,0.0,0,
2019-09-15,16.3,9.5,23.0,1.6999999999999993,0.0,0,
2019-09-16,14.1,12.1,16.5,3.9000000000000004,0.0,0,
2019-09-17,11.8,10.1,15.8,6.199999999999999,0.0,0,
2019-09-18,11.6,7.4,15.7,6.4,0.0,0,
2019-09-19,11.4,7.1,16.2,6.6,0.0,0,
2019-09-20,11.4,6.5,16.2,6.6,0.0,0,
2019-09-21,14.1,8.4,20.4,3.9000000000000004,0.0,0,
2019-09-22,15.8,8.7,24.0,2.1999999999999993,0.0,0,
2019-09-23,16.1,9.7,22.8,1.8999999999999986,0.0,0,
2019-09-24,15.8,12.8,18.8,2.1999999999999993,0.0,0,
2019-09-25,14.7,12.6,17.7,3.3000000000000007,0.0,0,
2019-09-26,14.7,9.3,19.7,3.3000000000000007,0.0,0,
2019-09-27,15.2,12.2,17.3,2.8000000000000007,0.0,0,
2019-09-28,14.5,12.0,18.4,3.5,0.0,0,
2019-09-29,14.8,13.3,16.1,3.1999999999999993,0.0,0,
2019-09-30,14.5,12.7,15.6,3.5,0.0,0,
2019-10-01,13.8,11.5,17.0,4.199999999999999,0.0,0,
2019-10-02,10.6,7.7,13.5,7.4,0.0,0,
2019-10-03,9.7,7.5,12.4,8.3,0.0,1,German Unity Day
2019-10-04,8.7,4.8,12.6,9.3,0.0,0,
2019-10-05,8.8,6.0,11.7,9.2,0.0,0,
2019-10-06,6.7,3.3,10.9,11.3,0.0,0,
2019-10-07,5.6,0.1,11.1,12.4,0.0,0,
2019-10-08,9.3,4.7,12.6,8.7,0.0,0,
2019-10-09,12.0,10.0,15.5,6.0,0.0,0,
2019-10-10,11.3,9.7,13.8,6.699999999999999,0.0,0,
2019-10-11,12.7,9.5,15.6,5.300000000000001,0.0,0,
2019-10-12,16.1,14.1,19.3,1.8999999999999986,0.0,0,
2019-10-13,18.3,14.2,23.2,0.0,0.0,0,
2019-10-14,18.5,15.4,21.2,0.0,0.0,0,
2019-10-15,15.4,12.3,20.4,2.5999999999999996,0.0,0,
2019-10-16,11.7,9.2,14.6,6.300000000000001,0.0,0,
2019-10-17,13.7,10.4,17.2,4.300000000000001,0.0,0,
2019-10-18,14.6,11.2,18.8,3.4000000000000004,0.0,0,
2019-10-19,11.8,9.2,15.3,6.199999999999999,0.0,0,
2019-10-20,14.1,11.2,19.0,3.9000000000000004,0.0,0,
2019-10-21,13.9,11.1,18.1,4.1,0.0,0,
2019-10-22,13.2,9.2,16.9,4.800000000000001,0.0,0,
2019-10-23,11.6,6.2,17.2,6.4,0.0,0,
2019-10-24,13.6,12.1,16.7,4.4,0.0,0,
2019-10-25,13.6,11.3,17.4,4.4,0.0,0,
2019-10-26,14.1,11.1,17.6,3.9000000000000004,0.0,0,
2019-10-27,12.3,7.4,16.1,5.699999999999999,0.0,0,
2019-10-28,8.2,6.1,11.7,9.8,0.0,0,
2019-10-29,5.9,2.6,9.7,12.1,0.0,0,
2019-10-30,3.3,-1.0,8.1,14.7,0.0,0,
2019-10-31,0.8,-3.0,6.2,17.2,0.0,0,
2019-11-01,2.0,-2.3,6.4,16.0,0.0,0,
2019-11-02,10.3,4.3,14.9,7.699999999999999,0.0,0,
2019-11-03,10.9,7.7,12.5,7.1,0.0,0,
2019-11-04,9.5,7.7,11.9,8.5,0.0,0,
2019-11-05,8.5,7.2,10.8,9.5,0.0,0,
2019-11-06,7.7,6.2,8.6,10.3,0.0,0,
2019-11-07,7.7,5.2,10.8,10.3,0.0,0,
2019-11-08,7.1,3.4,9.9,10.9,0.0,0,
2019-11-09,7.0,4.4,8.3,11.0,0.0,0,
2019-11-10,3.9,0.6,8.0,14.1,0.0,0,
2019-11-11,2.8,0.1,6.8,15.2,0.0,0,
2019-11-12,4.0,0.5,8.0,14.0,0.0,0,
2019-11-13,4.4,2.7,6.3,13.6,0.0,0,
2019-11-14,4.3,2.2,8.1,13.7,0.0,0,
2019-11-15,6.6,2.2,10.0,11.4,0.0,0,
2019-11-16,6.6,3.0,8.9,11.4,0.0,0,
2019-11-17,4.3,-1.0,9.9,13.7,0.0,0,
2019-11-18,8.9,4.9,12.4,9.1,0.0,0,
2019-11-19,6.1,4.3,8.8,11.9,0.0,0,
2019-11-20,5.2,4.9,5.6,12.8,0.0,0,
2019-11-21,7.4,5.4,9.4,10.6,0.0,0,
2019-11-22,8.5,7.0,10.1,9.5,0.0,0,
2019-11-23,8.0,6.7,9.9,10.0,0.0,0,
2019-11-24,5.4,3.4,8.9,12.6,0.0,0,
2019-11-25,4.0,2.0,5.8,14.0,0.0,0,
2019-11-26,5.8,4.4,7.2,12.2,0.0,0,
2019-11-27,6.2,4.2,7.6,11.8,0.0,0,
2019-11-28,9.1,6.4,11.5,8.9,0.0,0,
2019-11-29,6.0,3.0,8.9,12.0,0.0,0,
2019-11-30,1.3,-1.9,5.0,16.7,0.0,0,
2019-12-01,1.2,-1.2,3.3,16.8,0.0,0,
2019-12-02,2.8,1.3,5.3,15.2,0.0,0,
2019-12-03,2.4,-1.5,5.0,15.6,0.0,0,
2019-12-04,4.1,-0.3,6.5,13.9,0.0,0,
2019-12-05,0.5,-1.4,4.4,17.5,0.0,0,
2019-12-06,2.1,-1.2,4.7,15.9,0.0,0,
2019-12-07,7.2,5.0,8.9,10.8,0.0,0,
2019-12-08,8.1,5.6,10.6,9.9,0.0,0,
2019-12-09,7.0,5.1,8.7,11.0,0.0,0,
2019-12-10,2.8,0.6,5.2,15.2,0.0,0,
2019-12-11,2.5,0.2,4.3,15.5,0.0,0,
2019-12-12,2.7,1.7,4.4,15.3,0.0,0,
2019-12-13,1.1,-0.7,2.9,16.9,0.0,0,
2019-12-14,2.9,0.1,4.4,15.1,0.0,0,
2019-12-15,5.4,1.8,8.9,12.6,0.0,0,
2019-12-16,5.9,3.8,8.0,12.1,0.0,0,
2019-12-17,7.6,4.3,11.4,10.4,0.0,0,
2019-12-18,8.5,1.2,14.6,9.5,0.0,0,
2019-12-19,5.0,0.8,8.7,13.0,0.0,0,
2019-12-20,6.1,3.6,9.5,11.9,0.0,0,
2019-12-21,6.6,2.4,8.8,11.4,0.0,0,
2019-12-22,3.1,0.9,5.2,14.9,0.0,0,
2019-12-23,5.9,4.0,7.6,12.1,0.0,0,
2019-12-24,5.5,4.5,7.1,12.5,0.0,0,
2019-12-25,5.2,4.6,6.1,12.8,0.0,1,Christmas Day
2019-12-26,3.9,2.8,5.6,14.1,0.0,1,Second Day of Christmas
2019-12-27,3.0,0.8,4.0,15.0,0.0,0,
2019-12-28,0.2,-2.7,2.1,17.8,0.0,0,
2019-12-29,-0.9,-3.7,1.4,18.9,0.0,0,
2019-12-30,3.5,0.4,6.9,14.5,0.0,0,
2019-12-31,5.2,2.7,7.3,12.8,0.0,0,
2020-01-01,1.1,-1.1,4.0,16.9,0.0,1,New Year's Day
2020-01-02,-0.5,-3.8,5.3,18.5,0.0,0,
2020-01-03,4.0,-1.5,6.3,14.0,0.0,0,
2020-01-04,4.0,2.1,6.3,14.0,0.0,0,
2020-01-05,1.0,-1.9,3.7,17.0,0.0,0,
2020-01-06,3.7,2.0,5.1,14.3,0.0,0,
2020-01-07,2.2,-1.3,5.1,15.8,0.0,0,
2020-01-08,5.6,2.6,7.8,12.4,0.0,0,
2020-01-09,7.8,6.4,9.4,10.2,0.0,0,
2020-01-10,9.1,6.0,10.6,8.9,0.0,0,
2020-01-11,4.8,2.7,6.1,13.2,0.0,0,
2020-01-12,3.2,0.7,6.5,14.8,0.0,0,
2020-01-13,5.7,2.4,7.3,12.3,0.0,0,
2020-01-14,7.2,2.7,10.6,10.8,0.0,0,
2020-01-15,10.2,8.6,12.1,7.800000000000001,0.0,0,
2020-01-16,6.6,3.7,9.8,11.4,0.0,0,
2020-01-17,4.1,2.1,8.3,13.9,0.0,0,
2020-01-18,5.3,1.7,7.2,12.7,0.0,0,
2020-01-19,3.4,1.3,5.3,14.6,0.0,0,
2020-01-20,2.0,-1.3,3.5,16.0,0.0,0,
2020-01-21,2.0,-0.2,5.3,16.0,0.0,0,
2020-01-22,3.2,0.3,5.8,14.8,0.0,0,
2020-01-23,2.4,-1.0,5.3,15.6,0.0,0,
2020-01-24,0.1,-2.4,3.3,17.9,0.0,0,
2020-01-25,0.8,-0.2,2.5,17.2,0.0,0,
2020-01-26,0.1,-1.3,2.2,17.9,0.0,0,
2020-01-27,4.3,0.9,8.3,13.7,0.0,0,
2020-01-28,5.5,2.9,8.5,12.5,0.0,0,
2020-01-29,3.6,2.0,5.8,14.4,0.0,0,
2020-01-30,4.9,2.4,7.6,13.1,0.0,0,
2020-01-31,9.1,5.4,11.0,8.9,0.0,0,
2020-02-01,10.5,8.7,11.5,7.5,0.0,0,
2020-02-02,7.3,5.7,8.4,10.7,0.0,0,
2020-02-03,7.1,5.6,9.8,10.9,0.0,0,
2020-02-04,5.0,3.2,7.0,13.0,0.0,0,
2020-02-05,2.6,0.6,4.8,15.4,0.0,0,
2020-02-06,3.9,0.8,5.7,14.1,0.0,0,
2020-02-07,5.5,4.5,7.1,12.5,0.0,0,
2020-02-08,4.5,1.5,8.3,13.5,0.0,0,
2020-02-09,8.1,4.3,11.9,9.9,0.0,0,
2020-02-10,7.6,3.8,12.7,10.4,0.0,0,
2020-02-11,4.4,2.8,6.4,13.6,0.0,0,
2020-02-12,3.8,2.2,5.9,14.2,0.0,0,
2020-02-13,3.5,0.7,5.9,14.5,0.0,0,
2020-02-14,4.0,1.6,6.5,14.0,0.0,0,
2020-02-15,5.2,2.0,9.1,12.8,0.0,0,
2020-02-16,11.3,6.4,15.8,6.699999999999999,0.0,0,
2020-02-17,9.9,6.6,15.9,8.1,0.0,0,
2020-02-18,6.5,5.5,8.0,11.5,0.0,0,
2020-02-19,4.9,3.1,6.8,13.1,0.0,0,
2020-02-20,4.2,0.5,6.6,13.8,0.0,0,
2020-02-21,5.9,3.7,7.7,12.1,0.0,0,
2020-02-22,7.9,5.1,11.4,10.1,0.0,0,
2020-02-23,6.6,4.7,7.5,11.4,0.0,0,
2020-02-24,5.0,3.5,7.2,13.0,0.0,0,
2020-02-25,8.0,4.7,9.8,10.0,0.0,0,
2020-02-26,2.8,1.6,4.4,15.2,0.0,0,
2020-02-27,2.6,1.1,5.7,15.4,0.0,0,
2020-02-28,2.9,-0.2,7.2,15.1,0.0,0,
2020-02-29,6.4,1.6,11.8,11.6,0.0,0,
2020-03-01,6.8,3.8,9.9,11.2,0.0,0,
2020-03-02,5.9,3.5,9.0,12.1,0.0,0,
2020-03-03,4.4,2.5,6.6,13.6,0.0,0,
2020-03-04,3.6,0.6,7.9,14.4,0.0,0,
2020-03-05,4.4,-1.1,10.0,13.6,0.0,0,
2020-03-06,5.3,3.9,7.5,12.7,0.0,0,
2020-03-07,4.5,2.2,6.6,13.5,0.0,0,
2020-03-08,5.1,0.5,9.8,12.9,0.0,0,
2020-03-09,7.0,5.1,10.0,11.0,0.0,0,
2020-03-10,5.5,2.7,8.7,12.5,0.0,0,
2020-03-11,9.6,7.4,12.1,8.4,0.0,0,
2020-03-12,9.6,5.2,12.4,8.4,0.0,0,
2020-03-13,5.9,3.6,9.3,12.1,0.0,0,
2020-03-14,2.7,-2.5,6.7,15.3,0.0,0,
2020-03-15,5.0,-0.4,11.3,13.0,0.0,0,
2020-03-16,7.9,2.8,15.5,10.1,0.0,0,
2020-03-17,8.1,1.9,14.6,9.9,0.0,0,
2020-03-18,10.4,5.1,15.7,7.6,0.0,0,
2020-03-19,10.0,7.3,13.5,8.0,0.0,0,
2020-03-20,6.8,5.1,8.9,11.2,0.0,0,
2020-03-21,3.7,0.5,5.8,14.3,0.0,0,
2020-03-22,1.0,-2.9,4.9,17.0,0.0,0,
2020-03-23,-0.2,-4.7,4.8,18.2,0.0,0,
2020-03-24,0.7,-4.5,6.4,17.3,0.0,0,
2020-03-25,2.1,-2.8,8.0,15.9,0.0,0,
2020-03-26,4.1,-1.6,9.8,13.9,0.0,0,
2020-03-27,7.9,2.5,14.7,10.1,0.0,0,
2020-03-28,7.2,1.4,13.5,10.8,0.0,0,
2020-03-29,2.9,-1.7,5.1,15.1,0.0,0,
2020-03-30,-0.2,-4.0,3.1,18.2,0.0,0,
2020-03-31,0.7,-2.8,3.8,17.3,0.0,0,
2020-04-01,3.1,-2.1,8.5,14.9,0.0,0,
2020-04-02,6.0,2.2,9.1,12.0,0.0,0,
2020-04-03,6.9,2.3,9.9,11.1,0.0,0,
2020-04-04,6.7,1.8,11.3,11.3,0.0,0,
2020-04-05,7.8,0.9,15.0,10.2,0.0,0,
2020-04-06,11.7,4.8,20.1,6.300000000000001,0.0,0,
2020-04-07,11.8,5.3,18.6,6.199999999999999,0.0,0,
2020-04-08,12.3,5.1,20.9,5.699999999999999,0.0,0,
2020-04-09,11.7,7.2,17.6,6.300000000000001,0.0,0,
2020-04-10,8.7,2.2,14.6,9.3,0.0,1,Good Friday
2020-04-11,7.7,0.5,14.2,10.3,0.0,0,
2020-04-12,12.3,2.6,21.8,5.699999999999999,0.0,0,
2020-04-13,7.8,2.8,10.7,10.2,0.0,1,Easter Monday
2020-04-14,5.7,0.4,9.8,12.3,0.0,0,
2020-04-15,8.8,4.5,14.5,9.2,0.0,0,
2020-04-16,11.1,4.8,16.7,6.9,0.0,0,
2020-04-17,10.6,4.8,15.8,7.4,0.0,0,
2020-04-18,10.0,3.9,16.1,8.0,0.0,0,
2020-04-19,8.9,4.9,12.8,9.1,0.0,0,
2020-04-20,9.2,3.2,14.8,8.8,0.0,0,
2020-04-21,10.9,5.1,16.6,7.1,0.0,0,
2020-04-22,12.1,5.7,18.1,5.9,0.0,0,
2020-04-23,13.4,5.6,20.4,4.6,0.0,0,
2020-04-24,14.3,6.7,21.6,3.6999999999999993,0.0,0,
2020-04-25,11.0,7.9,14.2,7.0,0.0,0,
2020-04-26,12.2,7.0,17.2,5.800000000000001,0.0,0,
2020-04-27,13.7,4.1,21.7,4.300000000000001,0.0,0,
2020-04-28,15.8,8.4,22.6,2.1999999999999993,0.0,0,
2020-04-29,12.2,9.0,17.1,5.800000000000001,0.0,0,
2020-04-30,13.3,8.7,17.5,4.699999999999999,0.0,0,
2020-05-01,13.0,9.3,16.7,5.0,0.0,1,Labor Day
2020-05-02,10.7,7.7,15.4,7.300000000000001,0.0,0,
2020-05-03,10.5,6.5,14.5,7.5,0.0,0,
2020-05-04,9.3,6.2,12.6,8.7,0.0,0,
2020-05-05,7.7,3.4,11.9,10.3,0.0,0,
2020-05-06,10.5,4.8,16.0,7.5,0.0,0,
2020-05-07,10.5,5.8,15.8,7.5,0.0,0,
2020-05-08,13.4,5.9,20.4,4.6,0.0,0,
2020-05-09,15.3,7.7,21.8,2.6999999999999993,0.0,0,
2020-05-10,17.5,11.3,23.6,0.5,0.0,0,
2020-05-11,8.3,3.8,15.5,9.7,0.0,0,
2020-05-12,6.8,0.9,11.1,11.2,0.0,0,
2020-05-13,9.6,5.3,13.5,8.4,0.0,0,
2020-05-14,9.4,5.1,14.0,8.6,0.0,0,
2020-05-15,9.2,1.6,14.6,8.8,0.0,0,
2020-05-16,11.0,5.8,14.6,7.0,0.0,0,
2020-05-17,13.3,9.1,17.6,4.699999999999999,0.0,0,
2020-05-18,15.5,11.4,21.2,2.5,0.0,0,
2020-05-19,14.4,11.5,18.7,3.5999999999999996,0.0,0,
2020-05-20,14.7,9.4,20.0,3.3000000000000007,0.0,0,
2020-05-21,14.4,6.9,19.9,3.5999999999999996,0.0,1,Ascension Day
2020-05-22,17.2,10.0,22.5,0.8000000000000007,0.0,0,
2020-05-23,15.7,12.5,19.1,2.3000000000000007,0.0,0,
2020-05-24,12.4,8.8,16.1,5.6,0.0,0,
2020-05-25,11.5,9.8,13.9,6.5,0.0,0,
2020-05-26,13.6,6.7,19.2,4.4,0.0,0,
2020-05-27,14.8,5.9,20.8,3.1999999999999993,0.0,0,
2020-05-28,14.7,10.9,19.3,3.3000000000000007,0.0,0,
2020-05-29,14.0,7.3,19.6,4.0,0.0,0,
2020-05-30,13.4,8.2,17.0,4.6,0.0,0,
2020-05-31,15.4,10.3,21.4,2.5999999999999996,0.0,0,
2020-06-01,16.4,8.8,23.4,1.6000000000000014,0.0,1,Pentecost Monday
2020-06-02,19.2,10.4,26.4,0.0,0.0,0,
2020-06-03,18.3,10.7,23.9,0.0,0.0,0,
2020-06-04,17.8,13.3,24.6,0.1999999999999993,0.0,0,
2020-06-05,14.5,12.2,17.3,3.5,0.0,0,
2020-06-06,14.0,8.8,18.4,4.0,0.0,0,
2020-06-07,14.9,9.8,19.4,3.0999999999999996,0.0,0,
2020-06-08,16.0,8.9,20.4,2.0,0.0,0,
2020-06-09,17.2,11.2,21.5,0.8000000000000007,0.0,0,
2020-06-10,16.4,11.4,21.5,1.6000000000000014,0.0,0,
2020-06-11,17.1,14.7,20.0,0.8999999999999986,0.0,0,
2020-06-12,20.1,13.3,26.1,0.0,0.0,0,
2020-06-13,23.4,19.0,28.1,0.0,1.3999999999999986,0,
2020-06-14,21.3,17.7,24.4,0.0,0.0,0,
2020-06-15,19.5,14.8,24.2,0.0,0.0,0,
2020-06-16,19.7,12.4,25.5,0.0,0.0,0,
2020-06-17,22.2,14.8,27.7,0.0,0.1999999999999993,0,
2020-06-18,21.5,16.8,25.7,0.0,0.0,0,
2020-06-19,18.0,15.9,20.6,0.0,0.0,0,
2020-06-20,17.0,15.5,19.3,1.0,0.0,0,
2020-06-21,17.6,14.5,22.8,0.3999999999999986,0.0,0,
2020-06-22,19.1,11.6,25.1,0.0,0.0,0,
2020-06-23,18.8,12.7,23.7,0.0,0.0,0,
2020-06-24,19.6,12.6,24.6,0.0,0.0,0,
2020-06-25,23.0,18.6,27.4,0.0,1.0,0,
2020-06-26,22.4,17.4,27.2,0.0,0.3999999999999986,0,
2020-06-27,24.3,17.4,30.3,0.0,2.3000000000000007,0,
2020-06-28,23.2,19.7,28.9,0.0,1.1999999999999993,0,
2020-06-29,20.4,18.0,23.3,0.0,0.0,0,
2020-06-30,19.2,15.2,22.9,0.0,0.0,0,
2020-07-01,19.7,16.9,22.7,0.0,0.0,0,
2020-07-02,19.6,16.0,22.9,0.0,0.0,0,
2020-07-03,18.9,15.2,22.0,0.0,0.0,0,
2020-07-04,20.1,14.9,25.1,0.0,0.0,0,
2020-07-05,22.3,18.9,26.8,0.0,0.3000000000000007,0,
2020-07-06,18.4,15.0,20.2,0.0,0.0,0,
2020-07-07,15.9,11.5,19.3,2.0999999999999996,0.0,0,
2020-07-08,15.1,12.4,17.8,2.9000000000000004,0.0,0,
2020-07-09,16.4,12.5,19.8,1.6000000000000014,0.0,0,
2020-07-10,18.5,13.8,25.2,0.0,0.0,0,
2020-07-11,15.2,10.6,19.3,2.8000000000000007,0.0,0,
2020-07-12,15.2,10.0,19.7,2.8000000000000007,0.0,0,
2020-07-13,17.2,10.3,22.3,0.8000000000000007,0.0,0,
2020-07-14,20.3,12.1,27.0,0.0,0.0,0,
2020-07-15,16.1,14.3,17.7,1.8999999999999986,0.0,0,
2020-07-16,16.0,12.5,20.0,2.0,0.0,0,
2020-07-17,16.3,11.2,20.7,1.6999999999999993,0.0,0,
2020-07-18,19.7,13.5,25.4,0.0,0.0,0,
2020-07-19,22.9,16.2,28.3,0.0,0.8999999999999986,0,
2020-07-20,20.4,15.7,24.7,0.0,0.0,0,
2020-07-21,17.7,13.4,21.6,0.3000000000000007,0.0,0,
2020-07-22,16.8,11.2,21.2,1.1999999999999993,0.0,0,
2020-07-23,18.2,14.1,22.8,0.0,0.0,0,
2020-07-24,20.4,13.3,27.6,0.0,0.0,0,
2020-07-25,19.8,13.8,24.6,0.0,0.0,0,
2020-07-26,20.1,17.3,23.5,0.0,0.0,0,
2020-07-27,20.5,15.4,24.8,0.0,0.0,0,
2020-07-28,23.0,19.2,27.3,0.0,1.0,0,
2020-07-29,19.0,15.1,22.4,0.0,0.0,0,
2020-07-30,17.9,12.1,23.1,0.10000000000000142,0.0,0,
2020-07-31,19.8,12.6,26.4,0.0,0.0,0,
2020-08-01,22.0,14.1,28.9,0.0,0.0,0,
2020-08-02,22.2,18.5,29.5,0.0,0.1999999999999993,0,
2020-08-03,19.0,15.4,23.3,0.0,0.0,0,
2020-08-04,18.2,12.4,23.0,0.0,0.0,0,
2020-08-05,20.5,11.6,27.5,0.0,0.0,0,
2020-08-06,23.4,15.9,29.8,0.0,1.3999999999999986,0,
2020-08-07,25.9,18.5,32.4,0.0,3.8999999999999986,0,
2020-08-08,28.9,20.8,35.5,0.0,6.899999999999999,0,
2020-08-09,28.8,22.3,35.2,0.0,6.800000000000001,0,
2020-08-10,26.0,21.2,30.9,0.0,4.0,0,
2020-08-11,26.0,20.0,31.6,0.0,4.0,0,
2020-08-12,25.1,18.8,30.6,0.0,3.1000000000000014,0,
2020-08-13,25.7,19.2,31.7,0.0,3.6999999999999993,0,
2020-08-14,24.2,21.2,28.2,0.0,2.1999999999999993,0,
2020-08-15,24.7,19.2,30.0,0.0,2.6999999999999993,0,
2020-08-16,24.9,19.2,30.5,0.0,2.8999999999999986,0,
2020-08-17,25.0,18.8,30.4,0.0,3.0,0,
2020-08-18,21.2,19.3,23.9,0.0,0.0,0,
2020-08-19,21.3,16.8,26.4,0.0,0.0,0,
2020-08-20,24.1,16.5,31.2,0.0,2.1000000000000014,0,
2020-08-21,28.4,20.6,35.5,0.0,6.399999999999999,0,
2020-08-22,23.6,20.7,26.6,0.0,1.6000000000000014,0,
2020-08-23,20.8,17.0,23.8,0.0,0.0,0,
2020-08-24,18.9,15.4,22.4,0.0,0.0,0,
2020-08-25,18.4,13.7,23.0,0.0,0.0,0,
2020-08-26,17.4,16.4,19.5,0.6000000000000014,0.0,0,
2020-08-27,16.8,12.6,19.2,1.1999999999999993,0.0,0,
2020-08-28,16.3,12.5,21.2,1.6999999999999993,0.0,0,
2020-08-29,18.5,15.3,22.5,0.0,0.0,0,
2020-08-30,18.0,14.2,22.6,0.0,0.0,0,
2020-08-31,16.9,13.5,21.3,1.1000000000000014,0.0,0,
2020-09-01,14.8,10.4,18.3,3.1999999999999993,0.0,0,
2020-09-02,13.9,11.4,17.6,4.1,0.0,0,
2020-09-03,17.0,13.2,21.1,1.0,0.0,0,
2020-09-04,18.0,15.4,21.4,0.0,0.0,0,
2020-09-05,16.5,13.7,18.6,1.5,0.0,0,
2020-09-06,14.8,11.2,18.1,3.1999999999999993,0.0,0,
2020-09-07,13.8,9.3,18.2,4.199999999999999,0.0,0,
2020-09-08,16.1,11.1,20.9,1.8999999999999986,0.0,0,
2020-09-09,19.2,14.9,24.1,0.0,0.0,0,
2020-09-10,15.8,11.6,19.1,2.1999999999999993,0.0,0,
2020-09-11,15.2,9.0,21.4,2.8000000000000007,0.0,0,
2020-09-12,17.5,9.8,25.9,0.5,0.0,0,
2020-09-13,17.5,12.2,23.8,0.5,0.0,0,
2020-09-14,19.9,12.1,28.1,0.0,0.0,0,
2020-09-15,22.4,16.3,30.3,0.0,0.3999999999999986,0,
2020-09-16,21.8,15.0,28.9,0.0,0.0,0,
2020-09-17,15.5,10.5,18.3,2.5,0.0,0,
2020-09-18,12.2,5.5,19.0,5.800000000000001,0.0,0,
2020-09-19,13.9,7.0,20.6,4.1,0.0,0,
2020-09-20,15.0,9.1,21.3,3.0,0.0,0,
2020-09-21,16.0,8.4,24.0,2.0,0.0,0,
2020-09-22,17.8,10.6,25.9,0.1999999999999993,0.0,0,
2020-09-23,19.6,13.9,26.4,0.0,0.0,0,
2020-09-24,17.7,14.2,21.9,0.3000000000000007,0.0,0,
2020-09-25,13.7,11.4,14.9,4.300000000000001,0.0,0,
2020-09-26,10.7,9.5,11.9,7.300000000000001,0.0,0,
2020-09-27,9.6,6.9,11.4,8.4,0.0,0,
2020-09-28,12.5,7.6,17.4,5.5,0.0,0,
2020-09-29,13.5,10.0,17.7,4.5,0.0,0,
2020-09-30,12.8,7.7,18.1,5.199999999999999,0.0,0,
